cedente_documento;referencia_externa;tipo;valor_face;vencimento;moeda_pagamento
17916112201764;rec-csv-02;CHEQUE_PRE_DATADO;196.36;2026-09-28;BRL
17916112201764;rec-csv-04;CHEQUE_PRE_DATADO;988.26;2026-10-28;BRL
17916112201764;rec-csv-06;CHEQUE_PRE_DATADO;1780.16;2026-09-27;BRL
17916112201764;rec-csv-08;CHEQUE_PRE_DATADO;2572.06;2026-10-27;BRL
17916112201764;rec-csv-10;CHEQUE_PRE_DATADO;3363.96;2026-12-26;BRL
17916112201764;rec-csv-12;CHEQUE_PRE_DATADO;4155.86;2026-10-26;BRL
17916112201764;rec-csv-14;CHEQUE_PRE_DATADO;4947.76;2026-11-26;BRL
17916112201764;rec-csv-16;CHEQUE_PRE_DATADO;5739.66;2026-09-28;BRL
17916112201764;rec-csv-18;CHEQUE_PRE_DATADO;6531.56;2026-10-28;BRL
17916112201764;rec-csv-20;CHEQUE_PRE_DATADO;7323.46;2026-09-27;BRL
17916112201764;rec-csv-22;CHEQUE_PRE_DATADO;8115.36;2026-10-27;BRL
17916112201764;rec-csv-24;CHEQUE_PRE_DATADO;8907.26;2026-12-26;BRL
17916112201764;rec-csv-26;CHEQUE_PRE_DATADO;9699.16;2026-10-26;BRL
17916112201764;rec-csv-28;CHEQUE_PRE_DATADO;10491.06;2026-11-26;BRL
17916112201764;rec-csv-30;CHEQUE_PRE_DATADO;11282.96;2026-09-28;BRL
17916112201764;rec-csv-32;CHEQUE_PRE_DATADO;12074.86;2026-10-28;BRL
17916112201764;rec-csv-34;CHEQUE_PRE_DATADO;12866.76;2026-09-27;BRL
17916112201764;rec-csv-36;CHEQUE_PRE_DATADO;13658.66;2026-10-27;BRL
17916112201764;rec-csv-38;CHEQUE_PRE_DATADO;14450.56;2026-12-26;BRL
17916112201764;rec-csv-40;CHEQUE_PRE_DATADO;15242.46;2026-10-26;BRL
17916112201764;rec-csv-42;CHEQUE_PRE_DATADO;16034.36;2026-11-26;BRL
17916112201764;rec-csv-44;CHEQUE_PRE_DATADO;16826.26;2026-09-28;BRL
17916112201764;rec-csv-46;CHEQUE_PRE_DATADO;17618.16;2026-10-28;BRL
17916112201764;rec-csv-48;CHEQUE_PRE_DATADO;18410.06;2026-09-27;BRL
17916112201764;rec-csv-50;CHEQUE_PRE_DATADO;19201.96;2026-10-27;BRL
17916112201764;rec-csv-52;CHEQUE_PRE_DATADO;19993.86;2026-12-26;BRL
17916112201764;rec-csv-54;CHEQUE_PRE_DATADO;20785.76;2026-10-26;BRL
17916112201764;rec-csv-56;CHEQUE_PRE_DATADO;21577.66;2026-11-26;BRL
17916112201764;rec-csv-58;CHEQUE_PRE_DATADO;22369.56;2026-09-28;BRL
17916112201764;rec-csv-60;CHEQUE_PRE_DATADO;23161.46;2026-10-28;BRL
17916112201764;rec-csv-62;CHEQUE_PRE_DATADO;23953.36;2026-09-27;BRL
17916112201764;rec-csv-64;CHEQUE_PRE_DATADO;24745.26;2026-10-27;BRL
17916112201764;rec-csv-66;CHEQUE_PRE_DATADO;25537.16;2026-12-26;BRL
17916112201764;rec-csv-68;CHEQUE_PRE_DATADO;26329.06;2026-10-26;BRL
17916112201764;rec-csv-70;CHEQUE_PRE_DATADO;27120.96;2026-11-26;BRL
17916112201764;rec-csv-72;CHEQUE_PRE_DATADO;27912.86;2026-09-28;BRL
17916112201764;rec-csv-74;CHEQUE_PRE_DATADO;28704.76;2026-10-28;BRL
17916112201764;rec-csv-76;CHEQUE_PRE_DATADO;29496.66;2026-09-27;BRL
17916112201764;rec-csv-78;CHEQUE_PRE_DATADO;30288.56;2026-10-27;BRL
17916112201764;rec-csv-80;CHEQUE_PRE_DATADO;31080.46;2026-12-26;BRL
17916112201764;rec-csv-82;CHEQUE_PRE_DATADO;31872.36;2026-10-26;BRL
17916112201764;rec-csv-84;CHEQUE_PRE_DATADO;32664.26;2026-11-26;BRL
17916112201764;rec-csv-86;CHEQUE_PRE_DATADO;33456.16;2026-09-28;BRL
17916112201764;rec-csv-88;CHEQUE_PRE_DATADO;34248.06;2026-10-28;BRL
17916112201764;rec-csv-90;CHEQUE_PRE_DATADO;35039.96;2026-09-27;BRL
17916112201764;rec-csv-92;CHEQUE_PRE_DATADO;35831.86;2026-10-27;BRL
17916112201764;rec-csv-94;CHEQUE_PRE_DATADO;36623.76;2026-12-26;BRL
17916112201764;rec-csv-96;CHEQUE_PRE_DATADO;37415.66;2026-10-26;BRL
17916112201764;rec-csv-98;CHEQUE_PRE_DATADO;38207.56;2026-11-26;BRL
17916112201764;rec-csv-100;CHEQUE_PRE_DATADO;38999.46;2026-09-28;BRL
17916112201764;rec-csv-102;CHEQUE_PRE_DATADO;39791.36;2026-10-28;BRL
17916112201764;rec-csv-104;CHEQUE_PRE_DATADO;40583.26;2026-09-27;BRL
17916112201764;rec-csv-106;CHEQUE_PRE_DATADO;41375.16;2026-10-27;BRL
17916112201764;rec-csv-108;CHEQUE_PRE_DATADO;42167.06;2026-12-26;BRL
17916112201764;rec-csv-110;CHEQUE_PRE_DATADO;42958.96;2026-10-26;BRL
17916112201764;rec-csv-112;CHEQUE_PRE_DATADO;43750.86;2026-11-26;BRL
17916112201764;rec-csv-114;CHEQUE_PRE_DATADO;44542.76;2026-09-28;BRL
17916112201764;rec-csv-116;CHEQUE_PRE_DATADO;45334.66;2026-10-28;BRL
17916112201764;rec-csv-118;CHEQUE_PRE_DATADO;46126.56;2026-09-27;BRL
17916112201764;rec-csv-120;CHEQUE_PRE_DATADO;46918.46;2026-10-27;BRL
17916112201764;rec-csv-122;CHEQUE_PRE_DATADO;47710.36;2026-12-26;BRL
17916112201764;rec-csv-124;CHEQUE_PRE_DATADO;48502.26;2026-10-26;BRL
17916112201764;rec-csv-126;CHEQUE_PRE_DATADO;49294.16;2026-11-26;BRL
17916112201764;rec-csv-128;CHEQUE_PRE_DATADO;50086.06;2026-09-28;BRL
17916112201764;rec-csv-130;CHEQUE_PRE_DATADO;50877.96;2026-10-28;BRL
17916112201764;rec-csv-132;CHEQUE_PRE_DATADO;51669.86;2026-09-27;BRL
17916112201764;rec-csv-134;CHEQUE_PRE_DATADO;52461.76;2026-10-27;BRL
17916112201764;rec-csv-136;CHEQUE_PRE_DATADO;53253.66;2026-12-26;BRL
17916112201764;rec-csv-138;CHEQUE_PRE_DATADO;54045.56;2026-10-26;BRL
17916112201764;rec-csv-140;CHEQUE_PRE_DATADO;54837.46;2026-11-26;BRL
17916112201764;rec-csv-142;CHEQUE_PRE_DATADO;55629.36;2026-09-28;BRL
17916112201764;rec-csv-144;CHEQUE_PRE_DATADO;56421.26;2026-10-28;BRL
17916112201764;rec-csv-146;CHEQUE_PRE_DATADO;57213.16;2026-09-27;BRL
17916112201764;rec-csv-148;CHEQUE_PRE_DATADO;58005.06;2026-10-27;BRL
17916112201764;rec-csv-150;CHEQUE_PRE_DATADO;58796.96;2026-12-26;BRL
17916112201764;rec-csv-152;CHEQUE_PRE_DATADO;59588.86;2026-10-26;BRL
17916112201764;rec-csv-154;CHEQUE_PRE_DATADO;60380.76;2026-11-26;BRL
17916112201764;rec-csv-156;CHEQUE_PRE_DATADO;61172.66;2026-09-28;BRL
17916112201764;rec-csv-158;CHEQUE_PRE_DATADO;61964.56;2026-10-28;BRL
17916112201764;rec-csv-160;CHEQUE_PRE_DATADO;62756.46;2026-09-27;BRL
17916112201764;rec-csv-162;CHEQUE_PRE_DATADO;63548.36;2026-10-27;BRL
17916112201764;rec-csv-164;CHEQUE_PRE_DATADO;64340.26;2026-12-26;BRL
17916112201764;rec-csv-166;CHEQUE_PRE_DATADO;65132.16;2026-10-26;BRL
17916112201764;rec-csv-168;CHEQUE_PRE_DATADO;65924.06;2026-11-26;BRL
17916112201764;rec-csv-170;CHEQUE_PRE_DATADO;66715.96;2026-09-28;BRL
17916112201764;rec-csv-172;CHEQUE_PRE_DATADO;67507.86;2026-10-28;BRL
17916112201764;rec-csv-174;CHEQUE_PRE_DATADO;68299.76;2026-09-27;BRL
17916112201764;rec-csv-176;CHEQUE_PRE_DATADO;69091.66;2026-10-27;BRL
17916112201764;rec-csv-178;CHEQUE_PRE_DATADO;69883.56;2026-12-26;BRL
17916112201764;rec-csv-180;CHEQUE_PRE_DATADO;70675.46;2026-10-26;BRL
17916112201764;rec-csv-182;CHEQUE_PRE_DATADO;71467.36;2026-11-26;BRL
17916112201764;rec-csv-184;CHEQUE_PRE_DATADO;72259.26;2026-09-28;BRL
17916112201764;rec-csv-186;CHEQUE_PRE_DATADO;73051.16;2026-10-28;BRL
17916112201764;rec-csv-188;CHEQUE_PRE_DATADO;73843.06;2026-09-27;BRL
17916112201764;rec-csv-190;CHEQUE_PRE_DATADO;74634.96;2026-10-27;BRL
17916112201764;rec-csv-192;CHEQUE_PRE_DATADO;75426.86;2026-12-26;BRL
17916112201764;rec-csv-194;CHEQUE_PRE_DATADO;76218.76;2026-10-26;BRL
17916112201764;rec-csv-196;CHEQUE_PRE_DATADO;77010.66;2026-11-26;BRL
17916112201764;rec-csv-198;CHEQUE_PRE_DATADO;77802.56;2026-09-28;BRL
17916112201764;rec-csv-200;CHEQUE_PRE_DATADO;78594.46;2026-10-28;BRL
28488099968276;rec-csv-202;DUPLICATA_MERCANTIL;117.17;2026-09-27;BRL
28488099968276;rec-csv-204;DUPLICATA_MERCANTIL;909.07;2026-10-27;BRL
28488099968276;rec-csv-206;DUPLICATA_MERCANTIL;1700.97;2026-12-26;BRL
28488099968276;rec-csv-208;DUPLICATA_MERCANTIL;2492.87;2026-10-26;BRL
28488099968276;rec-csv-210;DUPLICATA_MERCANTIL;3284.77;2026-11-26;BRL
28488099968276;rec-csv-212;DUPLICATA_MERCANTIL;4076.67;2026-09-28;BRL
28488099968276;rec-csv-214;DUPLICATA_MERCANTIL;4868.57;2026-10-28;BRL
28488099968276;rec-csv-216;DUPLICATA_MERCANTIL;5660.47;2026-09-27;BRL
28488099968276;rec-csv-218;DUPLICATA_MERCANTIL;6452.37;2026-10-27;BRL
28488099968276;rec-csv-220;DUPLICATA_MERCANTIL;7244.27;2026-12-26;BRL
28488099968276;rec-csv-222;DUPLICATA_MERCANTIL;8036.17;2026-10-26;BRL
28488099968276;rec-csv-224;DUPLICATA_MERCANTIL;8828.07;2026-11-26;BRL
28488099968276;rec-csv-226;DUPLICATA_MERCANTIL;9619.97;2026-09-28;BRL
28488099968276;rec-csv-228;DUPLICATA_MERCANTIL;10411.87;2026-10-28;BRL
28488099968276;rec-csv-230;DUPLICATA_MERCANTIL;11203.77;2026-09-27;BRL
28488099968276;rec-csv-232;DUPLICATA_MERCANTIL;11995.67;2026-10-27;BRL
28488099968276;rec-csv-234;DUPLICATA_MERCANTIL;12787.57;2026-12-26;BRL
28488099968276;rec-csv-236;DUPLICATA_MERCANTIL;13579.47;2026-10-26;BRL
28488099968276;rec-csv-238;DUPLICATA_MERCANTIL;14371.37;2026-11-26;BRL
28488099968276;rec-csv-240;DUPLICATA_MERCANTIL;15163.27;2026-09-28;BRL
28488099968276;rec-csv-242;DUPLICATA_MERCANTIL;15955.17;2026-10-28;BRL
28488099968276;rec-csv-244;DUPLICATA_MERCANTIL;16747.07;2026-09-27;BRL
28488099968276;rec-csv-246;DUPLICATA_MERCANTIL;17538.97;2026-10-27;BRL
28488099968276;rec-csv-248;DUPLICATA_MERCANTIL;18330.87;2026-12-26;BRL
28488099968276;rec-csv-250;DUPLICATA_MERCANTIL;19122.77;2026-10-26;BRL
28488099968276;rec-csv-252;DUPLICATA_MERCANTIL;19914.67;2026-11-26;BRL
28488099968276;rec-csv-254;DUPLICATA_MERCANTIL;20706.57;2026-09-28;BRL
28488099968276;rec-csv-256;DUPLICATA_MERCANTIL;21498.47;2026-10-28;BRL
28488099968276;rec-csv-258;DUPLICATA_MERCANTIL;22290.37;2026-09-27;BRL
28488099968276;rec-csv-260;DUPLICATA_MERCANTIL;23082.27;2026-10-27;BRL
28488099968276;rec-csv-262;DUPLICATA_MERCANTIL;23874.17;2026-12-26;BRL
28488099968276;rec-csv-264;DUPLICATA_MERCANTIL;24666.07;2026-10-26;BRL
28488099968276;rec-csv-266;DUPLICATA_MERCANTIL;25457.97;2026-11-26;BRL
28488099968276;rec-csv-268;DUPLICATA_MERCANTIL;26249.87;2026-09-28;BRL
28488099968276;rec-csv-270;DUPLICATA_MERCANTIL;27041.77;2026-10-28;BRL
28488099968276;rec-csv-272;DUPLICATA_MERCANTIL;27833.67;2026-09-27;BRL
28488099968276;rec-csv-274;DUPLICATA_MERCANTIL;28625.57;2026-10-27;BRL
28488099968276;rec-csv-276;DUPLICATA_MERCANTIL;29417.47;2026-12-26;BRL
28488099968276;rec-csv-278;DUPLICATA_MERCANTIL;30209.37;2026-10-26;BRL
28488099968276;rec-csv-280;DUPLICATA_MERCANTIL;31001.27;2026-11-26;BRL
28488099968276;rec-csv-282;DUPLICATA_MERCANTIL;31793.17;2026-09-28;BRL
28488099968276;rec-csv-284;DUPLICATA_MERCANTIL;32585.07;2026-10-28;BRL
28488099968276;rec-csv-286;DUPLICATA_MERCANTIL;33376.97;2026-09-27;BRL
28488099968276;rec-csv-288;DUPLICATA_MERCANTIL;34168.87;2026-10-27;BRL
28488099968276;rec-csv-290;DUPLICATA_MERCANTIL;34960.77;2026-12-26;BRL
28488099968276;rec-csv-292;DUPLICATA_MERCANTIL;35752.67;2026-10-26;BRL
28488099968276;rec-csv-294;DUPLICATA_MERCANTIL;36544.57;2026-11-26;BRL
28488099968276;rec-csv-296;DUPLICATA_MERCANTIL;37336.47;2026-09-28;BRL
28488099968276;rec-csv-298;DUPLICATA_MERCANTIL;38128.37;2026-10-28;BRL
28488099968276;rec-csv-300;DUPLICATA_MERCANTIL;38920.27;2026-09-27;BRL
28488099968276;rec-csv-302;DUPLICATA_MERCANTIL;39712.17;2026-10-27;BRL
28488099968276;rec-csv-304;DUPLICATA_MERCANTIL;40504.07;2026-12-26;BRL
28488099968276;rec-csv-306;DUPLICATA_MERCANTIL;41295.97;2026-10-26;BRL
28488099968276;rec-csv-308;DUPLICATA_MERCANTIL;42087.87;2026-11-26;BRL
28488099968276;rec-csv-310;DUPLICATA_MERCANTIL;42879.77;2026-09-28;BRL
28488099968276;rec-csv-312;DUPLICATA_MERCANTIL;43671.67;2026-10-28;BRL
28488099968276;rec-csv-314;DUPLICATA_MERCANTIL;44463.57;2026-09-27;BRL
28488099968276;rec-csv-316;DUPLICATA_MERCANTIL;45255.47;2026-10-27;BRL
28488099968276;rec-csv-318;DUPLICATA_MERCANTIL;46047.37;2026-12-26;BRL
28488099968276;rec-csv-320;DUPLICATA_MERCANTIL;46839.27;2026-10-26;BRL
28488099968276;rec-csv-322;DUPLICATA_MERCANTIL;47631.17;2026-11-26;BRL
28488099968276;rec-csv-324;DUPLICATA_MERCANTIL;48423.07;2026-09-28;BRL
28488099968276;rec-csv-326;DUPLICATA_MERCANTIL;49214.97;2026-10-28;BRL
28488099968276;rec-csv-328;DUPLICATA_MERCANTIL;50006.87;2026-09-27;BRL
28488099968276;rec-csv-330;DUPLICATA_MERCANTIL;50798.77;2026-10-27;BRL
28488099968276;rec-csv-332;DUPLICATA_MERCANTIL;51590.67;2026-12-26;BRL
28488099968276;rec-csv-334;DUPLICATA_MERCANTIL;52382.57;2026-10-26;BRL
28488099968276;rec-csv-336;DUPLICATA_MERCANTIL;53174.47;2026-11-26;BRL
28488099968276;rec-csv-338;DUPLICATA_MERCANTIL;53966.37;2026-09-28;BRL
28488099968276;rec-csv-340;DUPLICATA_MERCANTIL;54758.27;2026-10-28;BRL
28488099968276;rec-csv-342;DUPLICATA_MERCANTIL;55550.17;2026-09-27;BRL
28488099968276;rec-csv-344;DUPLICATA_MERCANTIL;56342.07;2026-10-27;BRL
28488099968276;rec-csv-346;DUPLICATA_MERCANTIL;57133.97;2026-12-26;BRL
28488099968276;rec-csv-348;DUPLICATA_MERCANTIL;57925.87;2026-10-26;BRL
28488099968276;rec-csv-350;DUPLICATA_MERCANTIL;58717.77;2026-11-26;BRL
28488099968276;rec-csv-352;DUPLICATA_MERCANTIL;59509.67;2026-09-28;BRL
28488099968276;rec-csv-354;DUPLICATA_MERCANTIL;60301.57;2026-10-28;BRL
28488099968276;rec-csv-356;DUPLICATA_MERCANTIL;61093.47;2026-09-27;BRL
28488099968276;rec-csv-358;DUPLICATA_MERCANTIL;61885.37;2026-10-27;BRL
28488099968276;rec-csv-360;DUPLICATA_MERCANTIL;62677.27;2026-12-26;BRL
28488099968276;rec-csv-362;DUPLICATA_MERCANTIL;63469.17;2026-10-26;BRL
28488099968276;rec-csv-364;DUPLICATA_MERCANTIL;64261.07;2026-11-26;BRL
28488099968276;rec-csv-366;DUPLICATA_MERCANTIL;65052.97;2026-09-28;BRL
28488099968276;rec-csv-368;DUPLICATA_MERCANTIL;65844.87;2026-10-28;BRL
28488099968276;rec-csv-370;DUPLICATA_MERCANTIL;66636.77;2026-09-27;BRL
28488099968276;rec-csv-372;DUPLICATA_MERCANTIL;67428.67;2026-10-27;BRL
28488099968276;rec-csv-374;DUPLICATA_MERCANTIL;68220.57;2026-12-26;BRL
28488099968276;rec-csv-376;DUPLICATA_MERCANTIL;69012.47;2026-10-26;BRL
28488099968276;rec-csv-378;DUPLICATA_MERCANTIL;69804.37;2026-11-26;BRL
28488099968276;rec-csv-380;DUPLICATA_MERCANTIL;70596.27;2026-09-28;BRL
28488099968276;rec-csv-382;DUPLICATA_MERCANTIL;71388.17;2026-10-28;BRL
28488099968276;rec-csv-384;DUPLICATA_MERCANTIL;72180.07;2026-09-27;BRL
28488099968276;rec-csv-386;DUPLICATA_MERCANTIL;72971.97;2026-10-27;BRL
28488099968276;rec-csv-388;DUPLICATA_MERCANTIL;73763.87;2026-12-26;BRL
28488099968276;rec-csv-390;DUPLICATA_MERCANTIL;74555.77;2026-10-26;BRL
28488099968276;rec-csv-392;DUPLICATA_MERCANTIL;75347.67;2026-11-26;BRL
28488099968276;rec-csv-394;DUPLICATA_MERCANTIL;76139.57;2026-09-28;BRL
28488099968276;rec-csv-396;DUPLICATA_MERCANTIL;76931.47;2026-10-28;BRL
28488099968276;rec-csv-398;DUPLICATA_MERCANTIL;77723.37;2026-09-27;BRL
28488099968276;rec-csv-400;DUPLICATA_MERCANTIL;78515.27;2026-10-27;BRL
32955451875388;rec-csv-402;DUPLICATA_MERCANTIL;750.69;2026-09-28;BRL
32955451875388;rec-csv-404;DUPLICATA_MERCANTIL;1542.59;2026-10-28;BRL
32955451875388;rec-csv-406;DUPLICATA_MERCANTIL;2334.49;2026-09-27;BRL
32955451875388;rec-csv-408;DUPLICATA_MERCANTIL;3126.39;2026-10-27;BRL
32955451875388;rec-csv-410;DUPLICATA_MERCANTIL;3918.29;2026-12-26;BRL
32955451875388;rec-csv-412;DUPLICATA_MERCANTIL;4710.19;2026-10-26;BRL
32955451875388;rec-csv-414;DUPLICATA_MERCANTIL;5502.09;2026-11-26;BRL
32955451875388;rec-csv-416;DUPLICATA_MERCANTIL;6293.99;2026-09-28;BRL
32955451875388;rec-csv-418;DUPLICATA_MERCANTIL;7085.89;2026-10-28;BRL
32955451875388;rec-csv-420;DUPLICATA_MERCANTIL;7877.79;2026-09-27;BRL
32955451875388;rec-csv-422;DUPLICATA_MERCANTIL;8669.69;2026-10-27;BRL
32955451875388;rec-csv-424;DUPLICATA_MERCANTIL;9461.59;2026-12-26;BRL
32955451875388;rec-csv-426;DUPLICATA_MERCANTIL;10253.49;2026-10-26;BRL
32955451875388;rec-csv-428;DUPLICATA_MERCANTIL;11045.39;2026-11-26;BRL
32955451875388;rec-csv-430;DUPLICATA_MERCANTIL;11837.29;2026-09-28;BRL
32955451875388;rec-csv-432;DUPLICATA_MERCANTIL;12629.19;2026-10-28;BRL
32955451875388;rec-csv-434;DUPLICATA_MERCANTIL;13421.09;2026-09-27;BRL
32955451875388;rec-csv-436;DUPLICATA_MERCANTIL;14212.99;2026-10-27;BRL
32955451875388;rec-csv-438;DUPLICATA_MERCANTIL;15004.89;2026-12-26;BRL
32955451875388;rec-csv-440;DUPLICATA_MERCANTIL;15796.79;2026-10-26;BRL
32955451875388;rec-csv-442;DUPLICATA_MERCANTIL;16588.69;2026-11-26;BRL
32955451875388;rec-csv-444;DUPLICATA_MERCANTIL;17380.59;2026-09-28;BRL
32955451875388;rec-csv-446;DUPLICATA_MERCANTIL;18172.49;2026-10-28;BRL
32955451875388;rec-csv-448;DUPLICATA_MERCANTIL;18964.39;2026-09-27;BRL
32955451875388;rec-csv-450;DUPLICATA_MERCANTIL;19756.29;2026-10-27;BRL
32955451875388;rec-csv-452;DUPLICATA_MERCANTIL;20548.19;2026-12-26;BRL
32955451875388;rec-csv-454;DUPLICATA_MERCANTIL;21340.09;2026-10-26;BRL
32955451875388;rec-csv-456;DUPLICATA_MERCANTIL;22131.99;2026-11-26;BRL
32955451875388;rec-csv-458;DUPLICATA_MERCANTIL;22923.89;2026-09-28;BRL
32955451875388;rec-csv-460;DUPLICATA_MERCANTIL;23715.79;2026-10-28;BRL
32955451875388;rec-csv-462;DUPLICATA_MERCANTIL;24507.69;2026-09-27;BRL
32955451875388;rec-csv-464;DUPLICATA_MERCANTIL;25299.59;2026-10-27;BRL
32955451875388;rec-csv-466;DUPLICATA_MERCANTIL;26091.49;2026-12-26;BRL
32955451875388;rec-csv-468;DUPLICATA_MERCANTIL;26883.39;2026-10-26;BRL
32955451875388;rec-csv-470;DUPLICATA_MERCANTIL;27675.29;2026-11-26;BRL
32955451875388;rec-csv-472;DUPLICATA_MERCANTIL;28467.19;2026-09-28;BRL
32955451875388;rec-csv-474;DUPLICATA_MERCANTIL;29259.09;2026-10-28;BRL
32955451875388;rec-csv-476;DUPLICATA_MERCANTIL;30050.99;2026-09-27;BRL
32955451875388;rec-csv-478;DUPLICATA_MERCANTIL;30842.89;2026-10-27;BRL
32955451875388;rec-csv-480;DUPLICATA_MERCANTIL;31634.79;2026-12-26;BRL
32955451875388;rec-csv-482;DUPLICATA_MERCANTIL;32426.69;2026-10-26;BRL
32955451875388;rec-csv-484;DUPLICATA_MERCANTIL;33218.59;2026-11-26;BRL
32955451875388;rec-csv-486;DUPLICATA_MERCANTIL;34010.49;2026-09-28;BRL
32955451875388;rec-csv-488;DUPLICATA_MERCANTIL;34802.39;2026-10-28;BRL
32955451875388;rec-csv-490;DUPLICATA_MERCANTIL;35594.29;2026-09-27;BRL
32955451875388;rec-csv-492;DUPLICATA_MERCANTIL;36386.19;2026-10-27;BRL
32955451875388;rec-csv-494;DUPLICATA_MERCANTIL;37178.09;2026-12-26;BRL
32955451875388;rec-csv-496;DUPLICATA_MERCANTIL;37969.99;2026-10-26;BRL
32955451875388;rec-csv-498;DUPLICATA_MERCANTIL;38761.89;2026-11-26;BRL
32955451875388;rec-csv-500;DUPLICATA_MERCANTIL;39553.79;2026-09-28;BRL
32955451875388;rec-csv-502;DUPLICATA_MERCANTIL;40345.69;2026-10-28;BRL
32955451875388;rec-csv-504;DUPLICATA_MERCANTIL;41137.59;2026-09-27;BRL
32955451875388;rec-csv-506;DUPLICATA_MERCANTIL;41929.49;2026-10-27;BRL
32955451875388;rec-csv-508;DUPLICATA_MERCANTIL;42721.39;2026-12-26;BRL
32955451875388;rec-csv-510;DUPLICATA_MERCANTIL;43513.29;2026-10-26;BRL
32955451875388;rec-csv-512;DUPLICATA_MERCANTIL;44305.19;2026-11-26;BRL
32955451875388;rec-csv-514;DUPLICATA_MERCANTIL;45097.09;2026-09-28;BRL
32955451875388;rec-csv-516;DUPLICATA_MERCANTIL;45888.99;2026-10-28;BRL
32955451875388;rec-csv-518;DUPLICATA_MERCANTIL;46680.89;2026-09-27;BRL
32955451875388;rec-csv-520;DUPLICATA_MERCANTIL;47472.79;2026-10-27;BRL
32955451875388;rec-csv-522;DUPLICATA_MERCANTIL;48264.69;2026-12-26;BRL
32955451875388;rec-csv-524;DUPLICATA_MERCANTIL;49056.59;2026-10-26;BRL
32955451875388;rec-csv-526;DUPLICATA_MERCANTIL;49848.49;2026-11-26;BRL
32955451875388;rec-csv-528;DUPLICATA_MERCANTIL;50640.39;2026-09-28;BRL
32955451875388;rec-csv-530;DUPLICATA_MERCANTIL;51432.29;2026-10-28;BRL
32955451875388;rec-csv-532;DUPLICATA_MERCANTIL;52224.19;2026-09-27;BRL
32955451875388;rec-csv-534;DUPLICATA_MERCANTIL;53016.09;2026-10-27;BRL
32955451875388;rec-csv-536;DUPLICATA_MERCANTIL;53807.99;2026-12-26;BRL
32955451875388;rec-csv-538;DUPLICATA_MERCANTIL;54599.89;2026-10-26;BRL
32955451875388;rec-csv-540;DUPLICATA_MERCANTIL;55391.79;2026-11-26;BRL
32955451875388;rec-csv-542;DUPLICATA_MERCANTIL;56183.69;2026-09-28;BRL
32955451875388;rec-csv-544;DUPLICATA_MERCANTIL;56975.59;2026-10-28;BRL
32955451875388;rec-csv-546;DUPLICATA_MERCANTIL;57767.49;2026-09-27;BRL
32955451875388;rec-csv-548;DUPLICATA_MERCANTIL;58559.39;2026-10-27;BRL
32955451875388;rec-csv-550;DUPLICATA_MERCANTIL;59351.29;2026-12-26;BRL
32955451875388;rec-csv-552;DUPLICATA_MERCANTIL;60143.19;2026-10-26;BRL
32955451875388;rec-csv-554;DUPLICATA_MERCANTIL;60935.09;2026-11-26;BRL
32955451875388;rec-csv-556;DUPLICATA_MERCANTIL;61726.99;2026-09-28;BRL
32955451875388;rec-csv-558;DUPLICATA_MERCANTIL;62518.89;2026-10-28;BRL
32955451875388;rec-csv-560;DUPLICATA_MERCANTIL;63310.79;2026-09-27;BRL
32955451875388;rec-csv-562;DUPLICATA_MERCANTIL;64102.69;2026-10-27;BRL
32955451875388;rec-csv-564;DUPLICATA_MERCANTIL;64894.59;2026-12-26;BRL
32955451875388;rec-csv-566;DUPLICATA_MERCANTIL;65686.49;2026-10-26;BRL
32955451875388;rec-csv-568;DUPLICATA_MERCANTIL;66478.39;2026-11-26;BRL
32955451875388;rec-csv-570;DUPLICATA_MERCANTIL;67270.29;2026-09-28;BRL
32955451875388;rec-csv-572;DUPLICATA_MERCANTIL;68062.19;2026-10-28;BRL
32955451875388;rec-csv-574;DUPLICATA_MERCANTIL;68854.09;2026-09-27;BRL
32955451875388;rec-csv-576;DUPLICATA_MERCANTIL;69645.99;2026-10-27;BRL
32955451875388;rec-csv-578;DUPLICATA_MERCANTIL;70437.89;2026-12-26;BRL
32955451875388;rec-csv-580;DUPLICATA_MERCANTIL;71229.79;2026-10-26;BRL
32955451875388;rec-csv-582;DUPLICATA_MERCANTIL;72021.69;2026-11-26;BRL
32955451875388;rec-csv-584;DUPLICATA_MERCANTIL;72813.59;2026-09-28;BRL
32955451875388;rec-csv-586;DUPLICATA_MERCANTIL;73605.49;2026-10-28;BRL
32955451875388;rec-csv-588;DUPLICATA_MERCANTIL;74397.39;2026-09-27;BRL
32955451875388;rec-csv-590;DUPLICATA_MERCANTIL;75189.29;2026-10-27;BRL
32955451875388;rec-csv-592;DUPLICATA_MERCANTIL;75981.19;2026-12-26;BRL
32955451875388;rec-csv-594;DUPLICATA_MERCANTIL;76773.09;2026-10-26;BRL
32955451875388;rec-csv-596;DUPLICATA_MERCANTIL;77564.99;2026-11-26;BRL
32955451875388;rec-csv-598;DUPLICATA_MERCANTIL;78356.89;2026-09-28;BRL
32955451875388;rec-csv-600;DUPLICATA_MERCANTIL;79148.79;2026-10-28;BRL
44151727893760;rec-csv-602;CHEQUE_PRE_DATADO;671.50;2026-09-27;BRL
44151727893760;rec-csv-604;CHEQUE_PRE_DATADO;1463.40;2026-10-27;BRL
44151727893760;rec-csv-606;CHEQUE_PRE_DATADO;2255.30;2026-12-26;BRL
44151727893760;rec-csv-608;CHEQUE_PRE_DATADO;3047.20;2026-10-26;BRL
44151727893760;rec-csv-610;CHEQUE_PRE_DATADO;3839.10;2026-11-26;BRL
44151727893760;rec-csv-612;CHEQUE_PRE_DATADO;4631.00;2026-09-28;BRL
44151727893760;rec-csv-614;CHEQUE_PRE_DATADO;5422.90;2026-10-28;BRL
44151727893760;rec-csv-616;CHEQUE_PRE_DATADO;6214.80;2026-09-27;BRL
44151727893760;rec-csv-618;CHEQUE_PRE_DATADO;7006.70;2026-10-27;BRL
44151727893760;rec-csv-620;CHEQUE_PRE_DATADO;7798.60;2026-12-26;BRL
44151727893760;rec-csv-622;CHEQUE_PRE_DATADO;8590.50;2026-10-26;BRL
44151727893760;rec-csv-624;CHEQUE_PRE_DATADO;9382.40;2026-11-26;BRL
44151727893760;rec-csv-626;CHEQUE_PRE_DATADO;10174.30;2026-09-28;BRL
44151727893760;rec-csv-628;CHEQUE_PRE_DATADO;10966.20;2026-10-28;BRL
44151727893760;rec-csv-630;CHEQUE_PRE_DATADO;11758.10;2026-09-27;BRL
44151727893760;rec-csv-632;CHEQUE_PRE_DATADO;12550.00;2026-10-27;BRL
44151727893760;rec-csv-634;CHEQUE_PRE_DATADO;13341.90;2026-12-26;BRL
44151727893760;rec-csv-636;CHEQUE_PRE_DATADO;14133.80;2026-10-26;BRL
44151727893760;rec-csv-638;CHEQUE_PRE_DATADO;14925.70;2026-11-26;BRL
44151727893760;rec-csv-640;CHEQUE_PRE_DATADO;15717.60;2026-09-28;BRL
44151727893760;rec-csv-642;CHEQUE_PRE_DATADO;16509.50;2026-10-28;BRL
44151727893760;rec-csv-644;CHEQUE_PRE_DATADO;17301.40;2026-09-27;BRL
44151727893760;rec-csv-646;CHEQUE_PRE_DATADO;18093.30;2026-10-27;BRL
44151727893760;rec-csv-648;CHEQUE_PRE_DATADO;18885.20;2026-12-26;BRL
44151727893760;rec-csv-650;CHEQUE_PRE_DATADO;19677.10;2026-10-26;BRL
44151727893760;rec-csv-652;CHEQUE_PRE_DATADO;20469.00;2026-11-26;BRL
44151727893760;rec-csv-654;CHEQUE_PRE_DATADO;21260.90;2026-09-28;BRL
44151727893760;rec-csv-656;CHEQUE_PRE_DATADO;22052.80;2026-10-28;BRL
44151727893760;rec-csv-658;CHEQUE_PRE_DATADO;22844.70;2026-09-27;BRL
44151727893760;rec-csv-660;CHEQUE_PRE_DATADO;23636.60;2026-10-27;BRL
44151727893760;rec-csv-662;CHEQUE_PRE_DATADO;24428.50;2026-12-26;BRL
44151727893760;rec-csv-664;CHEQUE_PRE_DATADO;25220.40;2026-10-26;BRL
44151727893760;rec-csv-666;CHEQUE_PRE_DATADO;26012.30;2026-11-26;BRL
44151727893760;rec-csv-668;CHEQUE_PRE_DATADO;26804.20;2026-09-28;BRL
44151727893760;rec-csv-670;CHEQUE_PRE_DATADO;27596.10;2026-10-28;BRL
44151727893760;rec-csv-672;CHEQUE_PRE_DATADO;28388.00;2026-09-27;BRL
44151727893760;rec-csv-674;CHEQUE_PRE_DATADO;29179.90;2026-10-27;BRL
44151727893760;rec-csv-676;CHEQUE_PRE_DATADO;29971.80;2026-12-26;BRL
44151727893760;rec-csv-678;CHEQUE_PRE_DATADO;30763.70;2026-10-26;BRL
44151727893760;rec-csv-680;CHEQUE_PRE_DATADO;31555.60;2026-11-26;BRL
44151727893760;rec-csv-682;CHEQUE_PRE_DATADO;32347.50;2026-09-28;BRL
44151727893760;rec-csv-684;CHEQUE_PRE_DATADO;33139.40;2026-10-28;BRL
44151727893760;rec-csv-686;CHEQUE_PRE_DATADO;33931.30;2026-09-27;BRL
44151727893760;rec-csv-688;CHEQUE_PRE_DATADO;34723.20;2026-10-27;BRL
44151727893760;rec-csv-690;CHEQUE_PRE_DATADO;35515.10;2026-12-26;BRL
44151727893760;rec-csv-692;CHEQUE_PRE_DATADO;36307.00;2026-10-26;BRL
44151727893760;rec-csv-694;CHEQUE_PRE_DATADO;37098.90;2026-11-26;BRL
44151727893760;rec-csv-696;CHEQUE_PRE_DATADO;37890.80;2026-09-28;BRL
44151727893760;rec-csv-698;CHEQUE_PRE_DATADO;38682.70;2026-10-28;BRL
44151727893760;rec-csv-700;CHEQUE_PRE_DATADO;39474.60;2026-09-27;BRL
44151727893760;rec-csv-702;CHEQUE_PRE_DATADO;40266.50;2026-10-27;BRL
44151727893760;rec-csv-704;CHEQUE_PRE_DATADO;41058.40;2026-12-26;BRL
44151727893760;rec-csv-706;CHEQUE_PRE_DATADO;41850.30;2026-10-26;BRL
44151727893760;rec-csv-708;CHEQUE_PRE_DATADO;42642.20;2026-11-26;BRL
44151727893760;rec-csv-710;CHEQUE_PRE_DATADO;43434.10;2026-09-28;BRL
44151727893760;rec-csv-712;CHEQUE_PRE_DATADO;44226.00;2026-10-28;BRL
44151727893760;rec-csv-714;CHEQUE_PRE_DATADO;45017.90;2026-09-27;BRL
44151727893760;rec-csv-716;CHEQUE_PRE_DATADO;45809.80;2026-10-27;BRL
44151727893760;rec-csv-718;CHEQUE_PRE_DATADO;46601.70;2026-12-26;BRL
44151727893760;rec-csv-720;CHEQUE_PRE_DATADO;47393.60;2026-10-26;BRL
44151727893760;rec-csv-722;CHEQUE_PRE_DATADO;48185.50;2026-11-26;BRL
44151727893760;rec-csv-724;CHEQUE_PRE_DATADO;48977.40;2026-09-28;BRL
44151727893760;rec-csv-726;CHEQUE_PRE_DATADO;49769.30;2026-10-28;BRL
44151727893760;rec-csv-728;CHEQUE_PRE_DATADO;50561.20;2026-09-27;BRL
44151727893760;rec-csv-730;CHEQUE_PRE_DATADO;51353.10;2026-10-27;BRL
44151727893760;rec-csv-732;CHEQUE_PRE_DATADO;52145.00;2026-12-26;BRL
44151727893760;rec-csv-734;CHEQUE_PRE_DATADO;52936.90;2026-10-26;BRL
44151727893760;rec-csv-736;CHEQUE_PRE_DATADO;53728.80;2026-11-26;BRL
44151727893760;rec-csv-738;CHEQUE_PRE_DATADO;54520.70;2026-09-28;BRL
44151727893760;rec-csv-740;CHEQUE_PRE_DATADO;55312.60;2026-10-28;BRL
44151727893760;rec-csv-742;CHEQUE_PRE_DATADO;56104.50;2026-09-27;BRL
44151727893760;rec-csv-744;CHEQUE_PRE_DATADO;56896.40;2026-10-27;BRL
44151727893760;rec-csv-746;CHEQUE_PRE_DATADO;57688.30;2026-12-26;BRL
44151727893760;rec-csv-748;CHEQUE_PRE_DATADO;58480.20;2026-10-26;BRL
44151727893760;rec-csv-750;CHEQUE_PRE_DATADO;59272.10;2026-11-26;BRL
44151727893760;rec-csv-752;CHEQUE_PRE_DATADO;60064.00;2026-09-28;BRL
44151727893760;rec-csv-754;CHEQUE_PRE_DATADO;60855.90;2026-10-28;BRL
44151727893760;rec-csv-756;CHEQUE_PRE_DATADO;61647.80;2026-09-27;BRL
44151727893760;rec-csv-758;CHEQUE_PRE_DATADO;62439.70;2026-10-27;BRL
44151727893760;rec-csv-760;CHEQUE_PRE_DATADO;63231.60;2026-12-26;BRL
44151727893760;rec-csv-762;CHEQUE_PRE_DATADO;64023.50;2026-10-26;BRL
44151727893760;rec-csv-764;CHEQUE_PRE_DATADO;64815.40;2026-11-26;BRL
44151727893760;rec-csv-766;CHEQUE_PRE_DATADO;65607.30;2026-09-28;BRL
44151727893760;rec-csv-768;CHEQUE_PRE_DATADO;66399.20;2026-10-28;BRL
44151727893760;rec-csv-770;CHEQUE_PRE_DATADO;67191.10;2026-09-27;BRL
44151727893760;rec-csv-772;CHEQUE_PRE_DATADO;67983.00;2026-10-27;BRL
44151727893760;rec-csv-774;CHEQUE_PRE_DATADO;68774.90;2026-12-26;BRL
44151727893760;rec-csv-776;CHEQUE_PRE_DATADO;69566.80;2026-10-26;BRL
44151727893760;rec-csv-778;CHEQUE_PRE_DATADO;70358.70;2026-11-26;BRL
44151727893760;rec-csv-780;CHEQUE_PRE_DATADO;71150.60;2026-09-28;BRL
44151727893760;rec-csv-782;CHEQUE_PRE_DATADO;71942.50;2026-10-28;BRL
44151727893760;rec-csv-784;CHEQUE_PRE_DATADO;72734.40;2026-09-27;BRL
44151727893760;rec-csv-786;CHEQUE_PRE_DATADO;73526.30;2026-10-27;BRL
44151727893760;rec-csv-788;CHEQUE_PRE_DATADO;74318.20;2026-12-26;BRL
44151727893760;rec-csv-790;CHEQUE_PRE_DATADO;75110.10;2026-10-26;BRL
44151727893760;rec-csv-792;CHEQUE_PRE_DATADO;75902.00;2026-11-26;BRL
44151727893760;rec-csv-794;CHEQUE_PRE_DATADO;76693.90;2026-09-28;BRL
44151727893760;rec-csv-796;CHEQUE_PRE_DATADO;77485.80;2026-10-28;BRL
44151727893760;rec-csv-798;CHEQUE_PRE_DATADO;78277.70;2026-09-27;BRL
44151727893760;rec-csv-800;CHEQUE_PRE_DATADO;79069.60;2026-10-27;BRL
48142056385068;rec-csv-802;CHEQUE_PRE_DATADO;513.12;2026-11-26;BRL
48142056385068;rec-csv-804;CHEQUE_PRE_DATADO;1305.02;2026-09-28;BRL
48142056385068;rec-csv-806;CHEQUE_PRE_DATADO;2096.92;2026-10-28;BRL
48142056385068;rec-csv-808;CHEQUE_PRE_DATADO;2888.82;2026-09-27;BRL
48142056385068;rec-csv-810;CHEQUE_PRE_DATADO;3680.72;2026-10-27;BRL
48142056385068;rec-csv-812;CHEQUE_PRE_DATADO;4472.62;2026-12-26;BRL
48142056385068;rec-csv-814;CHEQUE_PRE_DATADO;5264.52;2026-10-26;BRL
48142056385068;rec-csv-816;CHEQUE_PRE_DATADO;6056.42;2026-11-26;BRL
48142056385068;rec-csv-818;CHEQUE_PRE_DATADO;6848.32;2026-09-28;BRL
48142056385068;rec-csv-820;CHEQUE_PRE_DATADO;7640.22;2026-10-28;BRL
48142056385068;rec-csv-822;CHEQUE_PRE_DATADO;8432.12;2026-09-27;BRL
48142056385068;rec-csv-824;CHEQUE_PRE_DATADO;9224.02;2026-10-27;BRL
48142056385068;rec-csv-826;CHEQUE_PRE_DATADO;10015.92;2026-12-26;BRL
48142056385068;rec-csv-828;CHEQUE_PRE_DATADO;10807.82;2026-10-26;BRL
48142056385068;rec-csv-830;CHEQUE_PRE_DATADO;11599.72;2026-11-26;BRL
48142056385068;rec-csv-832;CHEQUE_PRE_DATADO;12391.62;2026-09-28;BRL
48142056385068;rec-csv-834;CHEQUE_PRE_DATADO;13183.52;2026-10-28;BRL
48142056385068;rec-csv-836;CHEQUE_PRE_DATADO;13975.42;2026-09-27;BRL
48142056385068;rec-csv-838;CHEQUE_PRE_DATADO;14767.32;2026-10-27;BRL
48142056385068;rec-csv-840;CHEQUE_PRE_DATADO;15559.22;2026-12-26;BRL
48142056385068;rec-csv-842;CHEQUE_PRE_DATADO;16351.12;2026-10-26;BRL
48142056385068;rec-csv-844;CHEQUE_PRE_DATADO;17143.02;2026-11-26;BRL
48142056385068;rec-csv-846;CHEQUE_PRE_DATADO;17934.92;2026-09-28;BRL
48142056385068;rec-csv-848;CHEQUE_PRE_DATADO;18726.82;2026-10-28;BRL
48142056385068;rec-csv-850;CHEQUE_PRE_DATADO;19518.72;2026-09-27;BRL
48142056385068;rec-csv-852;CHEQUE_PRE_DATADO;20310.62;2026-10-27;BRL
48142056385068;rec-csv-854;CHEQUE_PRE_DATADO;21102.52;2026-12-26;BRL
48142056385068;rec-csv-856;CHEQUE_PRE_DATADO;21894.42;2026-10-26;BRL
48142056385068;rec-csv-858;CHEQUE_PRE_DATADO;22686.32;2026-11-26;BRL
48142056385068;rec-csv-860;CHEQUE_PRE_DATADO;23478.22;2026-09-28;BRL
48142056385068;rec-csv-862;CHEQUE_PRE_DATADO;24270.12;2026-10-28;BRL
48142056385068;rec-csv-864;CHEQUE_PRE_DATADO;25062.02;2026-09-27;BRL
48142056385068;rec-csv-866;CHEQUE_PRE_DATADO;25853.92;2026-10-27;BRL
48142056385068;rec-csv-868;CHEQUE_PRE_DATADO;26645.82;2026-12-26;BRL
48142056385068;rec-csv-870;CHEQUE_PRE_DATADO;27437.72;2026-10-26;BRL
48142056385068;rec-csv-872;CHEQUE_PRE_DATADO;28229.62;2026-11-26;BRL
48142056385068;rec-csv-874;CHEQUE_PRE_DATADO;29021.52;2026-09-28;BRL
48142056385068;rec-csv-876;CHEQUE_PRE_DATADO;29813.42;2026-10-28;BRL
48142056385068;rec-csv-878;CHEQUE_PRE_DATADO;30605.32;2026-09-27;BRL
48142056385068;rec-csv-880;CHEQUE_PRE_DATADO;31397.22;2026-10-27;BRL
48142056385068;rec-csv-882;CHEQUE_PRE_DATADO;32189.12;2026-12-26;BRL
48142056385068;rec-csv-884;CHEQUE_PRE_DATADO;32981.02;2026-10-26;BRL
48142056385068;rec-csv-886;CHEQUE_PRE_DATADO;33772.92;2026-11-26;BRL
48142056385068;rec-csv-888;CHEQUE_PRE_DATADO;34564.82;2026-09-28;BRL
48142056385068;rec-csv-890;CHEQUE_PRE_DATADO;35356.72;2026-10-28;BRL
48142056385068;rec-csv-892;CHEQUE_PRE_DATADO;36148.62;2026-09-27;BRL
48142056385068;rec-csv-894;CHEQUE_PRE_DATADO;36940.52;2026-10-27;BRL
48142056385068;rec-csv-896;CHEQUE_PRE_DATADO;37732.42;2026-12-26;BRL
48142056385068;rec-csv-898;CHEQUE_PRE_DATADO;38524.32;2026-10-26;BRL
48142056385068;rec-csv-900;CHEQUE_PRE_DATADO;39316.22;2026-11-26;BRL
48142056385068;rec-csv-902;CHEQUE_PRE_DATADO;40108.12;2026-09-28;BRL
48142056385068;rec-csv-904;CHEQUE_PRE_DATADO;40900.02;2026-10-28;BRL
48142056385068;rec-csv-906;CHEQUE_PRE_DATADO;41691.92;2026-09-27;BRL
48142056385068;rec-csv-908;CHEQUE_PRE_DATADO;42483.82;2026-10-27;BRL
48142056385068;rec-csv-910;CHEQUE_PRE_DATADO;43275.72;2026-12-26;BRL
48142056385068;rec-csv-912;CHEQUE_PRE_DATADO;44067.62;2026-10-26;BRL
48142056385068;rec-csv-914;CHEQUE_PRE_DATADO;44859.52;2026-11-26;BRL
48142056385068;rec-csv-916;CHEQUE_PRE_DATADO;45651.42;2026-09-28;BRL
48142056385068;rec-csv-918;CHEQUE_PRE_DATADO;46443.32;2026-10-28;BRL
48142056385068;rec-csv-920;CHEQUE_PRE_DATADO;47235.22;2026-09-27;BRL
48142056385068;rec-csv-922;CHEQUE_PRE_DATADO;48027.12;2026-10-27;BRL
48142056385068;rec-csv-924;CHEQUE_PRE_DATADO;48819.02;2026-12-26;BRL
48142056385068;rec-csv-926;CHEQUE_PRE_DATADO;49610.92;2026-10-26;BRL
48142056385068;rec-csv-928;CHEQUE_PRE_DATADO;50402.82;2026-11-26;BRL
48142056385068;rec-csv-930;CHEQUE_PRE_DATADO;51194.72;2026-09-28;BRL
48142056385068;rec-csv-932;CHEQUE_PRE_DATADO;51986.62;2026-10-28;BRL
48142056385068;rec-csv-934;CHEQUE_PRE_DATADO;52778.52;2026-09-27;BRL
48142056385068;rec-csv-936;CHEQUE_PRE_DATADO;53570.42;2026-10-27;BRL
48142056385068;rec-csv-938;CHEQUE_PRE_DATADO;54362.32;2026-12-26;BRL
48142056385068;rec-csv-940;CHEQUE_PRE_DATADO;55154.22;2026-10-26;BRL
48142056385068;rec-csv-942;CHEQUE_PRE_DATADO;55946.12;2026-11-26;BRL
48142056385068;rec-csv-944;CHEQUE_PRE_DATADO;56738.02;2026-09-28;BRL
48142056385068;rec-csv-946;CHEQUE_PRE_DATADO;57529.92;2026-10-28;BRL
48142056385068;rec-csv-948;CHEQUE_PRE_DATADO;58321.82;2026-09-27;BRL
48142056385068;rec-csv-950;CHEQUE_PRE_DATADO;59113.72;2026-10-27;BRL
48142056385068;rec-csv-952;CHEQUE_PRE_DATADO;59905.62;2026-12-26;BRL
48142056385068;rec-csv-954;CHEQUE_PRE_DATADO;60697.52;2026-10-26;BRL
48142056385068;rec-csv-956;CHEQUE_PRE_DATADO;61489.42;2026-11-26;BRL
48142056385068;rec-csv-958;CHEQUE_PRE_DATADO;62281.32;2026-09-28;BRL
48142056385068;rec-csv-960;CHEQUE_PRE_DATADO;63073.22;2026-10-28;BRL
48142056385068;rec-csv-962;CHEQUE_PRE_DATADO;63865.12;2026-09-27;BRL
48142056385068;rec-csv-964;CHEQUE_PRE_DATADO;64657.02;2026-10-27;BRL
48142056385068;rec-csv-966;CHEQUE_PRE_DATADO;65448.92;2026-12-26;BRL
48142056385068;rec-csv-968;CHEQUE_PRE_DATADO;66240.82;2026-10-26;BRL
48142056385068;rec-csv-970;CHEQUE_PRE_DATADO;67032.72;2026-11-26;BRL
48142056385068;rec-csv-972;CHEQUE_PRE_DATADO;67824.62;2026-09-28;BRL
48142056385068;rec-csv-974;CHEQUE_PRE_DATADO;68616.52;2026-10-28;BRL
48142056385068;rec-csv-976;CHEQUE_PRE_DATADO;69408.42;2026-09-27;BRL
48142056385068;rec-csv-978;CHEQUE_PRE_DATADO;70200.32;2026-10-27;BRL
48142056385068;rec-csv-980;CHEQUE_PRE_DATADO;70992.22;2026-12-26;BRL
48142056385068;rec-csv-982;CHEQUE_PRE_DATADO;71784.12;2026-10-26;BRL
48142056385068;rec-csv-984;CHEQUE_PRE_DATADO;72576.02;2026-11-26;BRL
48142056385068;rec-csv-986;CHEQUE_PRE_DATADO;73367.92;2026-09-28;BRL
48142056385068;rec-csv-988;CHEQUE_PRE_DATADO;74159.82;2026-10-28;BRL
48142056385068;rec-csv-990;CHEQUE_PRE_DATADO;74951.72;2026-09-27;BRL
48142056385068;rec-csv-992;CHEQUE_PRE_DATADO;75743.62;2026-10-27;BRL
48142056385068;rec-csv-994;CHEQUE_PRE_DATADO;76535.52;2026-12-26;BRL
48142056385068;rec-csv-996;CHEQUE_PRE_DATADO;77327.42;2026-10-26;BRL
48142056385068;rec-csv-998;CHEQUE_PRE_DATADO;78119.32;2026-11-26;BRL
48142056385068;rec-csv-1000;CHEQUE_PRE_DATADO;78911.22;2026-09-28;BRL
56882360348115;rec-csv-1002;DUPLICATA_MERCANTIL;592.31;2026-12-26;BRL
56882360348115;rec-csv-1004;DUPLICATA_MERCANTIL;1384.21;2026-10-26;BRL
56882360348115;rec-csv-1006;DUPLICATA_MERCANTIL;2176.11;2026-11-26;BRL
56882360348115;rec-csv-1008;DUPLICATA_MERCANTIL;2968.01;2026-09-28;BRL
56882360348115;rec-csv-1010;DUPLICATA_MERCANTIL;3759.91;2026-10-28;BRL
56882360348115;rec-csv-1012;DUPLICATA_MERCANTIL;4551.81;2026-09-27;BRL
56882360348115;rec-csv-1014;DUPLICATA_MERCANTIL;5343.71;2026-10-27;BRL
56882360348115;rec-csv-1016;DUPLICATA_MERCANTIL;6135.61;2026-12-26;BRL
56882360348115;rec-csv-1018;DUPLICATA_MERCANTIL;6927.51;2026-10-26;BRL
56882360348115;rec-csv-1020;DUPLICATA_MERCANTIL;7719.41;2026-11-26;BRL
56882360348115;rec-csv-1022;DUPLICATA_MERCANTIL;8511.31;2026-09-28;BRL
56882360348115;rec-csv-1024;DUPLICATA_MERCANTIL;9303.21;2026-10-28;BRL
56882360348115;rec-csv-1026;DUPLICATA_MERCANTIL;10095.11;2026-09-27;BRL
56882360348115;rec-csv-1028;DUPLICATA_MERCANTIL;10887.01;2026-10-27;BRL
56882360348115;rec-csv-1030;DUPLICATA_MERCANTIL;11678.91;2026-12-26;BRL
56882360348115;rec-csv-1032;DUPLICATA_MERCANTIL;12470.81;2026-10-26;BRL
56882360348115;rec-csv-1034;DUPLICATA_MERCANTIL;13262.71;2026-11-26;BRL
56882360348115;rec-csv-1036;DUPLICATA_MERCANTIL;14054.61;2026-09-28;BRL
56882360348115;rec-csv-1038;DUPLICATA_MERCANTIL;14846.51;2026-10-28;BRL
56882360348115;rec-csv-1040;DUPLICATA_MERCANTIL;15638.41;2026-09-27;BRL
56882360348115;rec-csv-1042;DUPLICATA_MERCANTIL;16430.31;2026-10-27;BRL
56882360348115;rec-csv-1044;DUPLICATA_MERCANTIL;17222.21;2026-12-26;BRL
56882360348115;rec-csv-1046;DUPLICATA_MERCANTIL;18014.11;2026-10-26;BRL
56882360348115;rec-csv-1048;DUPLICATA_MERCANTIL;18806.01;2026-11-26;BRL
56882360348115;rec-csv-1050;DUPLICATA_MERCANTIL;19597.91;2026-09-28;BRL
56882360348115;rec-csv-1052;DUPLICATA_MERCANTIL;20389.81;2026-10-28;BRL
56882360348115;rec-csv-1054;DUPLICATA_MERCANTIL;21181.71;2026-09-27;BRL
56882360348115;rec-csv-1056;DUPLICATA_MERCANTIL;21973.61;2026-10-27;BRL
56882360348115;rec-csv-1058;DUPLICATA_MERCANTIL;22765.51;2026-12-26;BRL
56882360348115;rec-csv-1060;DUPLICATA_MERCANTIL;23557.41;2026-10-26;BRL
56882360348115;rec-csv-1062;DUPLICATA_MERCANTIL;24349.31;2026-11-26;BRL
56882360348115;rec-csv-1064;DUPLICATA_MERCANTIL;25141.21;2026-09-28;BRL
56882360348115;rec-csv-1066;DUPLICATA_MERCANTIL;25933.11;2026-10-28;BRL
56882360348115;rec-csv-1068;DUPLICATA_MERCANTIL;26725.01;2026-09-27;BRL
56882360348115;rec-csv-1070;DUPLICATA_MERCANTIL;27516.91;2026-10-27;BRL
56882360348115;rec-csv-1072;DUPLICATA_MERCANTIL;28308.81;2026-12-26;BRL
56882360348115;rec-csv-1074;DUPLICATA_MERCANTIL;29100.71;2026-10-26;BRL
56882360348115;rec-csv-1076;DUPLICATA_MERCANTIL;29892.61;2026-11-26;BRL
56882360348115;rec-csv-1078;DUPLICATA_MERCANTIL;30684.51;2026-09-28;BRL
56882360348115;rec-csv-1080;DUPLICATA_MERCANTIL;31476.41;2026-10-28;BRL
56882360348115;rec-csv-1082;DUPLICATA_MERCANTIL;32268.31;2026-09-27;BRL
56882360348115;rec-csv-1084;DUPLICATA_MERCANTIL;33060.21;2026-10-27;BRL
56882360348115;rec-csv-1086;DUPLICATA_MERCANTIL;33852.11;2026-12-26;BRL
56882360348115;rec-csv-1088;DUPLICATA_MERCANTIL;34644.01;2026-10-26;BRL
56882360348115;rec-csv-1090;DUPLICATA_MERCANTIL;35435.91;2026-11-26;BRL
56882360348115;rec-csv-1092;DUPLICATA_MERCANTIL;36227.81;2026-09-28;BRL
56882360348115;rec-csv-1094;DUPLICATA_MERCANTIL;37019.71;2026-10-28;BRL
56882360348115;rec-csv-1096;DUPLICATA_MERCANTIL;37811.61;2026-09-27;BRL
56882360348115;rec-csv-1098;DUPLICATA_MERCANTIL;38603.51;2026-10-27;BRL
56882360348115;rec-csv-1100;DUPLICATA_MERCANTIL;39395.41;2026-12-26;BRL
56882360348115;rec-csv-1102;DUPLICATA_MERCANTIL;40187.31;2026-10-26;BRL
56882360348115;rec-csv-1104;DUPLICATA_MERCANTIL;40979.21;2026-11-26;BRL
56882360348115;rec-csv-1106;DUPLICATA_MERCANTIL;41771.11;2026-09-28;BRL
56882360348115;rec-csv-1108;DUPLICATA_MERCANTIL;42563.01;2026-10-28;BRL
56882360348115;rec-csv-1110;DUPLICATA_MERCANTIL;43354.91;2026-09-27;BRL
56882360348115;rec-csv-1112;DUPLICATA_MERCANTIL;44146.81;2026-10-27;BRL
56882360348115;rec-csv-1114;DUPLICATA_MERCANTIL;44938.71;2026-12-26;BRL
56882360348115;rec-csv-1116;DUPLICATA_MERCANTIL;45730.61;2026-10-26;BRL
56882360348115;rec-csv-1118;DUPLICATA_MERCANTIL;46522.51;2026-11-26;BRL
56882360348115;rec-csv-1120;DUPLICATA_MERCANTIL;47314.41;2026-09-28;BRL
56882360348115;rec-csv-1122;DUPLICATA_MERCANTIL;48106.31;2026-10-28;BRL
56882360348115;rec-csv-1124;DUPLICATA_MERCANTIL;48898.21;2026-09-27;BRL
56882360348115;rec-csv-1126;DUPLICATA_MERCANTIL;49690.11;2026-10-27;BRL
56882360348115;rec-csv-1128;DUPLICATA_MERCANTIL;50482.01;2026-12-26;BRL
56882360348115;rec-csv-1130;DUPLICATA_MERCANTIL;51273.91;2026-10-26;BRL
56882360348115;rec-csv-1132;DUPLICATA_MERCANTIL;52065.81;2026-11-26;BRL
56882360348115;rec-csv-1134;DUPLICATA_MERCANTIL;52857.71;2026-09-28;BRL
56882360348115;rec-csv-1136;DUPLICATA_MERCANTIL;53649.61;2026-10-28;BRL
56882360348115;rec-csv-1138;DUPLICATA_MERCANTIL;54441.51;2026-09-27;BRL
56882360348115;rec-csv-1140;DUPLICATA_MERCANTIL;55233.41;2026-10-27;BRL
56882360348115;rec-csv-1142;DUPLICATA_MERCANTIL;56025.31;2026-12-26;BRL
56882360348115;rec-csv-1144;DUPLICATA_MERCANTIL;56817.21;2026-10-26;BRL
56882360348115;rec-csv-1146;DUPLICATA_MERCANTIL;57609.11;2026-11-26;BRL
56882360348115;rec-csv-1148;DUPLICATA_MERCANTIL;58401.01;2026-09-28;BRL
56882360348115;rec-csv-1150;DUPLICATA_MERCANTIL;59192.91;2026-10-28;BRL
56882360348115;rec-csv-1152;DUPLICATA_MERCANTIL;59984.81;2026-09-27;BRL
56882360348115;rec-csv-1154;DUPLICATA_MERCANTIL;60776.71;2026-10-27;BRL
56882360348115;rec-csv-1156;DUPLICATA_MERCANTIL;61568.61;2026-12-26;BRL
56882360348115;rec-csv-1158;DUPLICATA_MERCANTIL;62360.51;2026-10-26;BRL
56882360348115;rec-csv-1160;DUPLICATA_MERCANTIL;63152.41;2026-11-26;BRL
56882360348115;rec-csv-1162;DUPLICATA_MERCANTIL;63944.31;2026-09-28;BRL
56882360348115;rec-csv-1164;DUPLICATA_MERCANTIL;64736.21;2026-10-28;BRL
56882360348115;rec-csv-1166;DUPLICATA_MERCANTIL;65528.11;2026-09-27;BRL
56882360348115;rec-csv-1168;DUPLICATA_MERCANTIL;66320.01;2026-10-27;BRL
56882360348115;rec-csv-1170;DUPLICATA_MERCANTIL;67111.91;2026-12-26;BRL
56882360348115;rec-csv-1172;DUPLICATA_MERCANTIL;67903.81;2026-10-26;BRL
56882360348115;rec-csv-1174;DUPLICATA_MERCANTIL;68695.71;2026-11-26;BRL
56882360348115;rec-csv-1176;DUPLICATA_MERCANTIL;69487.61;2026-09-28;BRL
56882360348115;rec-csv-1178;DUPLICATA_MERCANTIL;70279.51;2026-10-28;BRL
56882360348115;rec-csv-1180;DUPLICATA_MERCANTIL;71071.41;2026-09-27;BRL
56882360348115;rec-csv-1182;DUPLICATA_MERCANTIL;71863.31;2026-10-27;BRL
56882360348115;rec-csv-1184;DUPLICATA_MERCANTIL;72655.21;2026-12-26;BRL
56882360348115;rec-csv-1186;DUPLICATA_MERCANTIL;73447.11;2026-10-26;BRL
56882360348115;rec-csv-1188;DUPLICATA_MERCANTIL;74239.01;2026-11-26;BRL
56882360348115;rec-csv-1190;DUPLICATA_MERCANTIL;75030.91;2026-09-28;BRL
56882360348115;rec-csv-1192;DUPLICATA_MERCANTIL;75822.81;2026-10-28;BRL
56882360348115;rec-csv-1194;DUPLICATA_MERCANTIL;76614.71;2026-09-27;BRL
56882360348115;rec-csv-1196;DUPLICATA_MERCANTIL;77406.61;2026-10-27;BRL
56882360348115;rec-csv-1198;DUPLICATA_MERCANTIL;78198.51;2026-12-26;BRL
56882360348115;rec-csv-1200;DUPLICATA_MERCANTIL;78990.41;2026-10-26;BRL
58342178209407;rec-csv-1202;CHEQUE_PRE_DATADO;354.74;2026-10-27;BRL
58342178209407;rec-csv-1204;CHEQUE_PRE_DATADO;1146.64;2026-12-26;BRL
58342178209407;rec-csv-1206;CHEQUE_PRE_DATADO;1938.54;2026-10-26;BRL
58342178209407;rec-csv-1208;CHEQUE_PRE_DATADO;2730.44;2026-11-26;BRL
58342178209407;rec-csv-1210;CHEQUE_PRE_DATADO;3522.34;2026-09-28;BRL
58342178209407;rec-csv-1212;CHEQUE_PRE_DATADO;4314.24;2026-10-28;BRL
58342178209407;rec-csv-1214;CHEQUE_PRE_DATADO;5106.14;2026-09-27;BRL
58342178209407;rec-csv-1216;CHEQUE_PRE_DATADO;5898.04;2026-10-27;BRL
58342178209407;rec-csv-1218;CHEQUE_PRE_DATADO;6689.94;2026-12-26;BRL
58342178209407;rec-csv-1220;CHEQUE_PRE_DATADO;7481.84;2026-10-26;BRL
58342178209407;rec-csv-1222;CHEQUE_PRE_DATADO;8273.74;2026-11-26;BRL
58342178209407;rec-csv-1224;CHEQUE_PRE_DATADO;9065.64;2026-09-28;BRL
58342178209407;rec-csv-1226;CHEQUE_PRE_DATADO;9857.54;2026-10-28;BRL
58342178209407;rec-csv-1228;CHEQUE_PRE_DATADO;10649.44;2026-09-27;BRL
58342178209407;rec-csv-1230;CHEQUE_PRE_DATADO;11441.34;2026-10-27;BRL
58342178209407;rec-csv-1232;CHEQUE_PRE_DATADO;12233.24;2026-12-26;BRL
58342178209407;rec-csv-1234;CHEQUE_PRE_DATADO;13025.14;2026-10-26;BRL
58342178209407;rec-csv-1236;CHEQUE_PRE_DATADO;13817.04;2026-11-26;BRL
58342178209407;rec-csv-1238;CHEQUE_PRE_DATADO;14608.94;2026-09-28;BRL
58342178209407;rec-csv-1240;CHEQUE_PRE_DATADO;15400.84;2026-10-28;BRL
58342178209407;rec-csv-1242;CHEQUE_PRE_DATADO;16192.74;2026-09-27;BRL
58342178209407;rec-csv-1244;CHEQUE_PRE_DATADO;16984.64;2026-10-27;BRL
58342178209407;rec-csv-1246;CHEQUE_PRE_DATADO;17776.54;2026-12-26;BRL
58342178209407;rec-csv-1248;CHEQUE_PRE_DATADO;18568.44;2026-10-26;BRL
58342178209407;rec-csv-1250;CHEQUE_PRE_DATADO;19360.34;2026-11-26;BRL
58342178209407;rec-csv-1252;CHEQUE_PRE_DATADO;20152.24;2026-09-28;BRL
58342178209407;rec-csv-1254;CHEQUE_PRE_DATADO;20944.14;2026-10-28;BRL
58342178209407;rec-csv-1256;CHEQUE_PRE_DATADO;21736.04;2026-09-27;BRL
58342178209407;rec-csv-1258;CHEQUE_PRE_DATADO;22527.94;2026-10-27;BRL
58342178209407;rec-csv-1260;CHEQUE_PRE_DATADO;23319.84;2026-12-26;BRL
58342178209407;rec-csv-1262;CHEQUE_PRE_DATADO;24111.74;2026-10-26;BRL
58342178209407;rec-csv-1264;CHEQUE_PRE_DATADO;24903.64;2026-11-26;BRL
58342178209407;rec-csv-1266;CHEQUE_PRE_DATADO;25695.54;2026-09-28;BRL
58342178209407;rec-csv-1268;CHEQUE_PRE_DATADO;26487.44;2026-10-28;BRL
58342178209407;rec-csv-1270;CHEQUE_PRE_DATADO;27279.34;2026-09-27;BRL
58342178209407;rec-csv-1272;CHEQUE_PRE_DATADO;28071.24;2026-10-27;BRL
58342178209407;rec-csv-1274;CHEQUE_PRE_DATADO;28863.14;2026-12-26;BRL
58342178209407;rec-csv-1276;CHEQUE_PRE_DATADO;29655.04;2026-10-26;BRL
58342178209407;rec-csv-1278;CHEQUE_PRE_DATADO;30446.94;2026-11-26;BRL
58342178209407;rec-csv-1280;CHEQUE_PRE_DATADO;31238.84;2026-09-28;BRL
58342178209407;rec-csv-1282;CHEQUE_PRE_DATADO;32030.74;2026-10-28;BRL
58342178209407;rec-csv-1284;CHEQUE_PRE_DATADO;32822.64;2026-09-27;BRL
58342178209407;rec-csv-1286;CHEQUE_PRE_DATADO;33614.54;2026-10-27;BRL
58342178209407;rec-csv-1288;CHEQUE_PRE_DATADO;34406.44;2026-12-26;BRL
58342178209407;rec-csv-1290;CHEQUE_PRE_DATADO;35198.34;2026-10-26;BRL
58342178209407;rec-csv-1292;CHEQUE_PRE_DATADO;35990.24;2026-11-26;BRL
58342178209407;rec-csv-1294;CHEQUE_PRE_DATADO;36782.14;2026-09-28;BRL
58342178209407;rec-csv-1296;CHEQUE_PRE_DATADO;37574.04;2026-10-28;BRL
58342178209407;rec-csv-1298;CHEQUE_PRE_DATADO;38365.94;2026-09-27;BRL
58342178209407;rec-csv-1300;CHEQUE_PRE_DATADO;39157.84;2026-10-27;BRL
58342178209407;rec-csv-1302;CHEQUE_PRE_DATADO;39949.74;2026-12-26;BRL
58342178209407;rec-csv-1304;CHEQUE_PRE_DATADO;40741.64;2026-10-26;BRL
58342178209407;rec-csv-1306;CHEQUE_PRE_DATADO;41533.54;2026-11-26;BRL
58342178209407;rec-csv-1308;CHEQUE_PRE_DATADO;42325.44;2026-09-28;BRL
58342178209407;rec-csv-1310;CHEQUE_PRE_DATADO;43117.34;2026-10-28;BRL
58342178209407;rec-csv-1312;CHEQUE_PRE_DATADO;43909.24;2026-09-27;BRL
58342178209407;rec-csv-1314;CHEQUE_PRE_DATADO;44701.14;2026-10-27;BRL
58342178209407;rec-csv-1316;CHEQUE_PRE_DATADO;45493.04;2026-12-26;BRL
58342178209407;rec-csv-1318;CHEQUE_PRE_DATADO;46284.94;2026-10-26;BRL
58342178209407;rec-csv-1320;CHEQUE_PRE_DATADO;47076.84;2026-11-26;BRL
58342178209407;rec-csv-1322;CHEQUE_PRE_DATADO;47868.74;2026-09-28;BRL
58342178209407;rec-csv-1324;CHEQUE_PRE_DATADO;48660.64;2026-10-28;BRL
58342178209407;rec-csv-1326;CHEQUE_PRE_DATADO;49452.54;2026-09-27;BRL
58342178209407;rec-csv-1328;CHEQUE_PRE_DATADO;50244.44;2026-10-27;BRL
58342178209407;rec-csv-1330;CHEQUE_PRE_DATADO;51036.34;2026-12-26;BRL
58342178209407;rec-csv-1332;CHEQUE_PRE_DATADO;51828.24;2026-10-26;BRL
58342178209407;rec-csv-1334;CHEQUE_PRE_DATADO;52620.14;2026-11-26;BRL
58342178209407;rec-csv-1336;CHEQUE_PRE_DATADO;53412.04;2026-09-28;BRL
58342178209407;rec-csv-1338;CHEQUE_PRE_DATADO;54203.94;2026-10-28;BRL
58342178209407;rec-csv-1340;CHEQUE_PRE_DATADO;54995.84;2026-09-27;BRL
58342178209407;rec-csv-1342;CHEQUE_PRE_DATADO;55787.74;2026-10-27;BRL
58342178209407;rec-csv-1344;CHEQUE_PRE_DATADO;56579.64;2026-12-26;BRL
58342178209407;rec-csv-1346;CHEQUE_PRE_DATADO;57371.54;2026-10-26;BRL
58342178209407;rec-csv-1348;CHEQUE_PRE_DATADO;58163.44;2026-11-26;BRL
58342178209407;rec-csv-1350;CHEQUE_PRE_DATADO;58955.34;2026-09-28;BRL
58342178209407;rec-csv-1352;CHEQUE_PRE_DATADO;59747.24;2026-10-28;BRL
58342178209407;rec-csv-1354;CHEQUE_PRE_DATADO;60539.14;2026-09-27;BRL
58342178209407;rec-csv-1356;CHEQUE_PRE_DATADO;61331.04;2026-10-27;BRL
58342178209407;rec-csv-1358;CHEQUE_PRE_DATADO;62122.94;2026-12-26;BRL
58342178209407;rec-csv-1360;CHEQUE_PRE_DATADO;62914.84;2026-10-26;BRL
58342178209407;rec-csv-1362;CHEQUE_PRE_DATADO;63706.74;2026-11-26;BRL
58342178209407;rec-csv-1364;CHEQUE_PRE_DATADO;64498.64;2026-09-28;BRL
58342178209407;rec-csv-1366;CHEQUE_PRE_DATADO;65290.54;2026-10-28;BRL
58342178209407;rec-csv-1368;CHEQUE_PRE_DATADO;66082.44;2026-09-27;BRL
58342178209407;rec-csv-1370;CHEQUE_PRE_DATADO;66874.34;2026-10-27;BRL
58342178209407;rec-csv-1372;CHEQUE_PRE_DATADO;67666.24;2026-12-26;BRL
58342178209407;rec-csv-1374;CHEQUE_PRE_DATADO;68458.14;2026-10-26;BRL
58342178209407;rec-csv-1376;CHEQUE_PRE_DATADO;69250.04;2026-11-26;BRL
58342178209407;rec-csv-1378;CHEQUE_PRE_DATADO;70041.94;2026-09-28;BRL
58342178209407;rec-csv-1380;CHEQUE_PRE_DATADO;70833.84;2026-10-28;BRL
58342178209407;rec-csv-1382;CHEQUE_PRE_DATADO;71625.74;2026-09-27;BRL
58342178209407;rec-csv-1384;CHEQUE_PRE_DATADO;72417.64;2026-10-27;BRL
58342178209407;rec-csv-1386;CHEQUE_PRE_DATADO;73209.54;2026-12-26;BRL
58342178209407;rec-csv-1388;CHEQUE_PRE_DATADO;74001.44;2026-10-26;BRL
58342178209407;rec-csv-1390;CHEQUE_PRE_DATADO;74793.34;2026-11-26;BRL
58342178209407;rec-csv-1392;CHEQUE_PRE_DATADO;75585.24;2026-09-28;BRL
58342178209407;rec-csv-1394;CHEQUE_PRE_DATADO;76377.14;2026-10-28;BRL
58342178209407;rec-csv-1396;CHEQUE_PRE_DATADO;77169.04;2026-09-27;BRL
58342178209407;rec-csv-1398;CHEQUE_PRE_DATADO;77960.94;2026-10-27;BRL
58342178209407;rec-csv-1400;CHEQUE_PRE_DATADO;78752.84;2026-12-26;BRL
60462100338529;rec-csv-1402;DUPLICATA_MERCANTIL;275.55;2026-10-26;BRL
60462100338529;rec-csv-1404;DUPLICATA_MERCANTIL;1067.45;2026-11-26;BRL
60462100338529;rec-csv-1406;DUPLICATA_MERCANTIL;1859.35;2026-09-28;BRL
60462100338529;rec-csv-1408;DUPLICATA_MERCANTIL;2651.25;2026-10-28;BRL
60462100338529;rec-csv-1410;DUPLICATA_MERCANTIL;3443.15;2026-09-27;BRL
60462100338529;rec-csv-1412;DUPLICATA_MERCANTIL;4235.05;2026-10-27;BRL
60462100338529;rec-csv-1414;DUPLICATA_MERCANTIL;5026.95;2026-12-26;BRL
60462100338529;rec-csv-1416;DUPLICATA_MERCANTIL;5818.85;2026-10-26;BRL
60462100338529;rec-csv-1418;DUPLICATA_MERCANTIL;6610.75;2026-11-26;BRL
60462100338529;rec-csv-1420;DUPLICATA_MERCANTIL;7402.65;2026-09-28;BRL
60462100338529;rec-csv-1422;DUPLICATA_MERCANTIL;8194.55;2026-10-28;BRL
60462100338529;rec-csv-1424;DUPLICATA_MERCANTIL;8986.45;2026-09-27;BRL
60462100338529;rec-csv-1426;DUPLICATA_MERCANTIL;9778.35;2026-10-27;BRL
60462100338529;rec-csv-1428;DUPLICATA_MERCANTIL;10570.25;2026-12-26;BRL
60462100338529;rec-csv-1430;DUPLICATA_MERCANTIL;11362.15;2026-10-26;BRL
60462100338529;rec-csv-1432;DUPLICATA_MERCANTIL;12154.05;2026-11-26;BRL
60462100338529;rec-csv-1434;DUPLICATA_MERCANTIL;12945.95;2026-09-28;BRL
60462100338529;rec-csv-1436;DUPLICATA_MERCANTIL;13737.85;2026-10-28;BRL
60462100338529;rec-csv-1438;DUPLICATA_MERCANTIL;14529.75;2026-09-27;BRL
60462100338529;rec-csv-1440;DUPLICATA_MERCANTIL;15321.65;2026-10-27;BRL
60462100338529;rec-csv-1442;DUPLICATA_MERCANTIL;16113.55;2026-12-26;BRL
60462100338529;rec-csv-1444;DUPLICATA_MERCANTIL;16905.45;2026-10-26;BRL
60462100338529;rec-csv-1446;DUPLICATA_MERCANTIL;17697.35;2026-11-26;BRL
60462100338529;rec-csv-1448;DUPLICATA_MERCANTIL;18489.25;2026-09-28;BRL
60462100338529;rec-csv-1450;DUPLICATA_MERCANTIL;19281.15;2026-10-28;BRL
60462100338529;rec-csv-1452;DUPLICATA_MERCANTIL;20073.05;2026-09-27;BRL
60462100338529;rec-csv-1454;DUPLICATA_MERCANTIL;20864.95;2026-10-27;BRL
60462100338529;rec-csv-1456;DUPLICATA_MERCANTIL;21656.85;2026-12-26;BRL
60462100338529;rec-csv-1458;DUPLICATA_MERCANTIL;22448.75;2026-10-26;BRL
60462100338529;rec-csv-1460;DUPLICATA_MERCANTIL;23240.65;2026-11-26;BRL
60462100338529;rec-csv-1462;DUPLICATA_MERCANTIL;24032.55;2026-09-28;BRL
60462100338529;rec-csv-1464;DUPLICATA_MERCANTIL;24824.45;2026-10-28;BRL
60462100338529;rec-csv-1466;DUPLICATA_MERCANTIL;25616.35;2026-09-27;BRL
60462100338529;rec-csv-1468;DUPLICATA_MERCANTIL;26408.25;2026-10-27;BRL
60462100338529;rec-csv-1470;DUPLICATA_MERCANTIL;27200.15;2026-12-26;BRL
60462100338529;rec-csv-1472;DUPLICATA_MERCANTIL;27992.05;2026-10-26;BRL
60462100338529;rec-csv-1474;DUPLICATA_MERCANTIL;28783.95;2026-11-26;BRL
60462100338529;rec-csv-1476;DUPLICATA_MERCANTIL;29575.85;2026-09-28;BRL
60462100338529;rec-csv-1478;DUPLICATA_MERCANTIL;30367.75;2026-10-28;BRL
60462100338529;rec-csv-1480;DUPLICATA_MERCANTIL;31159.65;2026-09-27;BRL
60462100338529;rec-csv-1482;DUPLICATA_MERCANTIL;31951.55;2026-10-27;BRL
60462100338529;rec-csv-1484;DUPLICATA_MERCANTIL;32743.45;2026-12-26;BRL
60462100338529;rec-csv-1486;DUPLICATA_MERCANTIL;33535.35;2026-10-26;BRL
60462100338529;rec-csv-1488;DUPLICATA_MERCANTIL;34327.25;2026-11-26;BRL
60462100338529;rec-csv-1490;DUPLICATA_MERCANTIL;35119.15;2026-09-28;BRL
60462100338529;rec-csv-1492;DUPLICATA_MERCANTIL;35911.05;2026-10-28;BRL
60462100338529;rec-csv-1494;DUPLICATA_MERCANTIL;36702.95;2026-09-27;BRL
60462100338529;rec-csv-1496;DUPLICATA_MERCANTIL;37494.85;2026-10-27;BRL
60462100338529;rec-csv-1498;DUPLICATA_MERCANTIL;38286.75;2026-12-26;BRL
60462100338529;rec-csv-1500;DUPLICATA_MERCANTIL;39078.65;2026-10-26;BRL
60462100338529;rec-csv-1502;DUPLICATA_MERCANTIL;39870.55;2026-11-26;BRL
60462100338529;rec-csv-1504;DUPLICATA_MERCANTIL;40662.45;2026-09-28;BRL
60462100338529;rec-csv-1506;DUPLICATA_MERCANTIL;41454.35;2026-10-28;BRL
60462100338529;rec-csv-1508;DUPLICATA_MERCANTIL;42246.25;2026-09-27;BRL
60462100338529;rec-csv-1510;DUPLICATA_MERCANTIL;43038.15;2026-10-27;BRL
60462100338529;rec-csv-1512;DUPLICATA_MERCANTIL;43830.05;2026-12-26;BRL
60462100338529;rec-csv-1514;DUPLICATA_MERCANTIL;44621.95;2026-10-26;BRL
60462100338529;rec-csv-1516;DUPLICATA_MERCANTIL;45413.85;2026-11-26;BRL
60462100338529;rec-csv-1518;DUPLICATA_MERCANTIL;46205.75;2026-09-28;BRL
60462100338529;rec-csv-1520;DUPLICATA_MERCANTIL;46997.65;2026-10-28;BRL
60462100338529;rec-csv-1522;DUPLICATA_MERCANTIL;47789.55;2026-09-27;BRL
60462100338529;rec-csv-1524;DUPLICATA_MERCANTIL;48581.45;2026-10-27;BRL
60462100338529;rec-csv-1526;DUPLICATA_MERCANTIL;49373.35;2026-12-26;BRL
60462100338529;rec-csv-1528;DUPLICATA_MERCANTIL;50165.25;2026-10-26;BRL
60462100338529;rec-csv-1530;DUPLICATA_MERCANTIL;50957.15;2026-11-26;BRL
60462100338529;rec-csv-1532;DUPLICATA_MERCANTIL;51749.05;2026-09-28;BRL
60462100338529;rec-csv-1534;DUPLICATA_MERCANTIL;52540.95;2026-10-28;BRL
60462100338529;rec-csv-1536;DUPLICATA_MERCANTIL;53332.85;2026-09-27;BRL
60462100338529;rec-csv-1538;DUPLICATA_MERCANTIL;54124.75;2026-10-27;BRL
60462100338529;rec-csv-1540;DUPLICATA_MERCANTIL;54916.65;2026-12-26;BRL
60462100338529;rec-csv-1542;DUPLICATA_MERCANTIL;55708.55;2026-10-26;BRL
60462100338529;rec-csv-1544;DUPLICATA_MERCANTIL;56500.45;2026-11-26;BRL
60462100338529;rec-csv-1546;DUPLICATA_MERCANTIL;57292.35;2026-09-28;BRL
60462100338529;rec-csv-1548;DUPLICATA_MERCANTIL;58084.25;2026-10-28;BRL
60462100338529;rec-csv-1550;DUPLICATA_MERCANTIL;58876.15;2026-09-27;BRL
60462100338529;rec-csv-1552;DUPLICATA_MERCANTIL;59668.05;2026-10-27;BRL
60462100338529;rec-csv-1554;DUPLICATA_MERCANTIL;60459.95;2026-12-26;BRL
60462100338529;rec-csv-1556;DUPLICATA_MERCANTIL;61251.85;2026-10-26;BRL
60462100338529;rec-csv-1558;DUPLICATA_MERCANTIL;62043.75;2026-11-26;BRL
60462100338529;rec-csv-1560;DUPLICATA_MERCANTIL;62835.65;2026-09-28;BRL
60462100338529;rec-csv-1562;DUPLICATA_MERCANTIL;63627.55;2026-10-28;BRL
60462100338529;rec-csv-1564;DUPLICATA_MERCANTIL;64419.45;2026-09-27;BRL
60462100338529;rec-csv-1566;DUPLICATA_MERCANTIL;65211.35;2026-10-27;BRL
60462100338529;rec-csv-1568;DUPLICATA_MERCANTIL;66003.25;2026-12-26;BRL
60462100338529;rec-csv-1570;DUPLICATA_MERCANTIL;66795.15;2026-10-26;BRL
60462100338529;rec-csv-1572;DUPLICATA_MERCANTIL;67587.05;2026-11-26;BRL
60462100338529;rec-csv-1574;DUPLICATA_MERCANTIL;68378.95;2026-09-28;BRL
60462100338529;rec-csv-1576;DUPLICATA_MERCANTIL;69170.85;2026-10-28;BRL
60462100338529;rec-csv-1578;DUPLICATA_MERCANTIL;69962.75;2026-09-27;BRL
60462100338529;rec-csv-1580;DUPLICATA_MERCANTIL;70754.65;2026-10-27;BRL
60462100338529;rec-csv-1582;DUPLICATA_MERCANTIL;71546.55;2026-12-26;BRL
60462100338529;rec-csv-1584;DUPLICATA_MERCANTIL;72338.45;2026-10-26;BRL
60462100338529;rec-csv-1586;DUPLICATA_MERCANTIL;73130.35;2026-11-26;BRL
60462100338529;rec-csv-1588;DUPLICATA_MERCANTIL;73922.25;2026-09-28;BRL
60462100338529;rec-csv-1590;DUPLICATA_MERCANTIL;74714.15;2026-10-28;BRL
60462100338529;rec-csv-1592;DUPLICATA_MERCANTIL;75506.05;2026-09-27;BRL
60462100338529;rec-csv-1594;DUPLICATA_MERCANTIL;76297.95;2026-10-27;BRL
60462100338529;rec-csv-1596;DUPLICATA_MERCANTIL;77089.85;2026-12-26;BRL
60462100338529;rec-csv-1598;DUPLICATA_MERCANTIL;77881.75;2026-10-26;BRL
60462100338529;rec-csv-1600;DUPLICATA_MERCANTIL;78673.65;2026-11-26;BRL
61508542409720;rec-csv-1602;CHEQUE_PRE_DATADO;829.88;2026-10-26;BRL
61508542409720;rec-csv-1604;CHEQUE_PRE_DATADO;1621.78;2026-11-26;BRL
61508542409720;rec-csv-1606;CHEQUE_PRE_DATADO;2413.68;2026-09-28;BRL
61508542409720;rec-csv-1608;CHEQUE_PRE_DATADO;3205.58;2026-10-28;BRL
61508542409720;rec-csv-1610;CHEQUE_PRE_DATADO;3997.48;2026-09-27;BRL
61508542409720;rec-csv-1612;CHEQUE_PRE_DATADO;4789.38;2026-10-27;BRL
61508542409720;rec-csv-1614;CHEQUE_PRE_DATADO;5581.28;2026-12-26;BRL
61508542409720;rec-csv-1616;CHEQUE_PRE_DATADO;6373.18;2026-10-26;BRL
61508542409720;rec-csv-1618;CHEQUE_PRE_DATADO;7165.08;2026-11-26;BRL
61508542409720;rec-csv-1620;CHEQUE_PRE_DATADO;7956.98;2026-09-28;BRL
61508542409720;rec-csv-1622;CHEQUE_PRE_DATADO;8748.88;2026-10-28;BRL
61508542409720;rec-csv-1624;CHEQUE_PRE_DATADO;9540.78;2026-09-27;BRL
61508542409720;rec-csv-1626;CHEQUE_PRE_DATADO;10332.68;2026-10-27;BRL
61508542409720;rec-csv-1628;CHEQUE_PRE_DATADO;11124.58;2026-12-26;BRL
61508542409720;rec-csv-1630;CHEQUE_PRE_DATADO;11916.48;2026-10-26;BRL
61508542409720;rec-csv-1632;CHEQUE_PRE_DATADO;12708.38;2026-11-26;BRL
61508542409720;rec-csv-1634;CHEQUE_PRE_DATADO;13500.28;2026-09-28;BRL
61508542409720;rec-csv-1636;CHEQUE_PRE_DATADO;14292.18;2026-10-28;BRL
61508542409720;rec-csv-1638;CHEQUE_PRE_DATADO;15084.08;2026-09-27;BRL
61508542409720;rec-csv-1640;CHEQUE_PRE_DATADO;15875.98;2026-10-27;BRL
61508542409720;rec-csv-1642;CHEQUE_PRE_DATADO;16667.88;2026-12-26;BRL
61508542409720;rec-csv-1644;CHEQUE_PRE_DATADO;17459.78;2026-10-26;BRL
61508542409720;rec-csv-1646;CHEQUE_PRE_DATADO;18251.68;2026-11-26;BRL
61508542409720;rec-csv-1648;CHEQUE_PRE_DATADO;19043.58;2026-09-28;BRL
61508542409720;rec-csv-1650;CHEQUE_PRE_DATADO;19835.48;2026-10-28;BRL
61508542409720;rec-csv-1652;CHEQUE_PRE_DATADO;20627.38;2026-09-27;BRL
61508542409720;rec-csv-1654;CHEQUE_PRE_DATADO;21419.28;2026-10-27;BRL
61508542409720;rec-csv-1656;CHEQUE_PRE_DATADO;22211.18;2026-12-26;BRL
61508542409720;rec-csv-1658;CHEQUE_PRE_DATADO;23003.08;2026-10-26;BRL
61508542409720;rec-csv-1660;CHEQUE_PRE_DATADO;23794.98;2026-11-26;BRL
61508542409720;rec-csv-1662;CHEQUE_PRE_DATADO;24586.88;2026-09-28;BRL
61508542409720;rec-csv-1664;CHEQUE_PRE_DATADO;25378.78;2026-10-28;BRL
61508542409720;rec-csv-1666;CHEQUE_PRE_DATADO;26170.68;2026-09-27;BRL
61508542409720;rec-csv-1668;CHEQUE_PRE_DATADO;26962.58;2026-10-27;BRL
61508542409720;rec-csv-1670;CHEQUE_PRE_DATADO;27754.48;2026-12-26;BRL
61508542409720;rec-csv-1672;CHEQUE_PRE_DATADO;28546.38;2026-10-26;BRL
61508542409720;rec-csv-1674;CHEQUE_PRE_DATADO;29338.28;2026-11-26;BRL
61508542409720;rec-csv-1676;CHEQUE_PRE_DATADO;30130.18;2026-09-28;BRL
61508542409720;rec-csv-1678;CHEQUE_PRE_DATADO;30922.08;2026-10-28;BRL
61508542409720;rec-csv-1680;CHEQUE_PRE_DATADO;31713.98;2026-09-27;BRL
61508542409720;rec-csv-1682;CHEQUE_PRE_DATADO;32505.88;2026-10-27;BRL
61508542409720;rec-csv-1684;CHEQUE_PRE_DATADO;33297.78;2026-12-26;BRL
61508542409720;rec-csv-1686;CHEQUE_PRE_DATADO;34089.68;2026-10-26;BRL
61508542409720;rec-csv-1688;CHEQUE_PRE_DATADO;34881.58;2026-11-26;BRL
61508542409720;rec-csv-1690;CHEQUE_PRE_DATADO;35673.48;2026-09-28;BRL
61508542409720;rec-csv-1692;CHEQUE_PRE_DATADO;36465.38;2026-10-28;BRL
61508542409720;rec-csv-1694;CHEQUE_PRE_DATADO;37257.28;2026-09-27;BRL
61508542409720;rec-csv-1696;CHEQUE_PRE_DATADO;38049.18;2026-10-27;BRL
61508542409720;rec-csv-1698;CHEQUE_PRE_DATADO;38841.08;2026-12-26;BRL
61508542409720;rec-csv-1700;CHEQUE_PRE_DATADO;39632.98;2026-10-26;BRL
61508542409720;rec-csv-1702;CHEQUE_PRE_DATADO;40424.88;2026-11-26;BRL
61508542409720;rec-csv-1704;CHEQUE_PRE_DATADO;41216.78;2026-09-28;BRL
61508542409720;rec-csv-1706;CHEQUE_PRE_DATADO;42008.68;2026-10-28;BRL
61508542409720;rec-csv-1708;CHEQUE_PRE_DATADO;42800.58;2026-09-27;BRL
61508542409720;rec-csv-1710;CHEQUE_PRE_DATADO;43592.48;2026-10-27;BRL
61508542409720;rec-csv-1712;CHEQUE_PRE_DATADO;44384.38;2026-12-26;BRL
61508542409720;rec-csv-1714;CHEQUE_PRE_DATADO;45176.28;2026-10-26;BRL
61508542409720;rec-csv-1716;CHEQUE_PRE_DATADO;45968.18;2026-11-26;BRL
61508542409720;rec-csv-1718;CHEQUE_PRE_DATADO;46760.08;2026-09-28;BRL
61508542409720;rec-csv-1720;CHEQUE_PRE_DATADO;47551.98;2026-10-28;BRL
61508542409720;rec-csv-1722;CHEQUE_PRE_DATADO;48343.88;2026-09-27;BRL
61508542409720;rec-csv-1724;CHEQUE_PRE_DATADO;49135.78;2026-10-27;BRL
61508542409720;rec-csv-1726;CHEQUE_PRE_DATADO;49927.68;2026-12-26;BRL
61508542409720;rec-csv-1728;CHEQUE_PRE_DATADO;50719.58;2026-10-26;BRL
61508542409720;rec-csv-1730;CHEQUE_PRE_DATADO;51511.48;2026-11-26;BRL
61508542409720;rec-csv-1732;CHEQUE_PRE_DATADO;52303.38;2026-09-28;BRL
61508542409720;rec-csv-1734;CHEQUE_PRE_DATADO;53095.28;2026-10-28;BRL
61508542409720;rec-csv-1736;CHEQUE_PRE_DATADO;53887.18;2026-09-27;BRL
61508542409720;rec-csv-1738;CHEQUE_PRE_DATADO;54679.08;2026-10-27;BRL
61508542409720;rec-csv-1740;CHEQUE_PRE_DATADO;55470.98;2026-12-26;BRL
61508542409720;rec-csv-1742;CHEQUE_PRE_DATADO;56262.88;2026-10-26;BRL
61508542409720;rec-csv-1744;CHEQUE_PRE_DATADO;57054.78;2026-11-26;BRL
61508542409720;rec-csv-1746;CHEQUE_PRE_DATADO;57846.68;2026-09-28;BRL
61508542409720;rec-csv-1748;CHEQUE_PRE_DATADO;58638.58;2026-10-28;BRL
61508542409720;rec-csv-1750;CHEQUE_PRE_DATADO;59430.48;2026-09-27;BRL
61508542409720;rec-csv-1752;CHEQUE_PRE_DATADO;60222.38;2026-10-27;BRL
61508542409720;rec-csv-1754;CHEQUE_PRE_DATADO;61014.28;2026-12-26;BRL
61508542409720;rec-csv-1756;CHEQUE_PRE_DATADO;61806.18;2026-10-26;BRL
61508542409720;rec-csv-1758;CHEQUE_PRE_DATADO;62598.08;2026-11-26;BRL
61508542409720;rec-csv-1760;CHEQUE_PRE_DATADO;63389.98;2026-09-28;BRL
61508542409720;rec-csv-1762;CHEQUE_PRE_DATADO;64181.88;2026-10-28;BRL
61508542409720;rec-csv-1764;CHEQUE_PRE_DATADO;64973.78;2026-09-27;BRL
61508542409720;rec-csv-1766;CHEQUE_PRE_DATADO;65765.68;2026-10-27;BRL
61508542409720;rec-csv-1768;CHEQUE_PRE_DATADO;66557.58;2026-12-26;BRL
61508542409720;rec-csv-1770;CHEQUE_PRE_DATADO;67349.48;2026-10-26;BRL
61508542409720;rec-csv-1772;CHEQUE_PRE_DATADO;68141.38;2026-11-26;BRL
61508542409720;rec-csv-1774;CHEQUE_PRE_DATADO;68933.28;2026-09-28;BRL
61508542409720;rec-csv-1776;CHEQUE_PRE_DATADO;69725.18;2026-10-28;BRL
61508542409720;rec-csv-1778;CHEQUE_PRE_DATADO;70517.08;2026-09-27;BRL
61508542409720;rec-csv-1780;CHEQUE_PRE_DATADO;71308.98;2026-10-27;BRL
61508542409720;rec-csv-1782;CHEQUE_PRE_DATADO;72100.88;2026-12-26;BRL
61508542409720;rec-csv-1784;CHEQUE_PRE_DATADO;72892.78;2026-10-26;BRL
61508542409720;rec-csv-1786;CHEQUE_PRE_DATADO;73684.68;2026-11-26;BRL
61508542409720;rec-csv-1788;CHEQUE_PRE_DATADO;74476.58;2026-09-28;BRL
61508542409720;rec-csv-1790;CHEQUE_PRE_DATADO;75268.48;2026-10-28;BRL
61508542409720;rec-csv-1792;CHEQUE_PRE_DATADO;76060.38;2026-09-27;BRL
61508542409720;rec-csv-1794;CHEQUE_PRE_DATADO;76852.28;2026-10-27;BRL
61508542409720;rec-csv-1796;CHEQUE_PRE_DATADO;77644.18;2026-12-26;BRL
61508542409720;rec-csv-1798;CHEQUE_PRE_DATADO;78436.08;2026-10-26;BRL
61508542409720;rec-csv-1800;CHEQUE_PRE_DATADO;79227.98;2026-11-26;BRL
84109413596859;rec-csv-1802;DUPLICATA_MERCANTIL;433.93;2026-10-28;BRL
84109413596859;rec-csv-1804;DUPLICATA_MERCANTIL;1225.83;2026-09-27;BRL
84109413596859;rec-csv-1806;DUPLICATA_MERCANTIL;2017.73;2026-10-27;BRL
84109413596859;rec-csv-1808;DUPLICATA_MERCANTIL;2809.63;2026-12-26;BRL
84109413596859;rec-csv-1810;DUPLICATA_MERCANTIL;3601.53;2026-10-26;BRL
84109413596859;rec-csv-1812;DUPLICATA_MERCANTIL;4393.43;2026-11-26;BRL
84109413596859;rec-csv-1814;DUPLICATA_MERCANTIL;5185.33;2026-09-28;BRL
84109413596859;rec-csv-1816;DUPLICATA_MERCANTIL;5977.23;2026-10-28;BRL
84109413596859;rec-csv-1818;DUPLICATA_MERCANTIL;6769.13;2026-09-27;BRL
84109413596859;rec-csv-1820;DUPLICATA_MERCANTIL;7561.03;2026-10-27;BRL
84109413596859;rec-csv-1822;DUPLICATA_MERCANTIL;8352.93;2026-12-26;BRL
84109413596859;rec-csv-1824;DUPLICATA_MERCANTIL;9144.83;2026-10-26;BRL
84109413596859;rec-csv-1826;DUPLICATA_MERCANTIL;9936.73;2026-11-26;BRL
84109413596859;rec-csv-1828;DUPLICATA_MERCANTIL;10728.63;2026-09-28;BRL
84109413596859;rec-csv-1830;DUPLICATA_MERCANTIL;11520.53;2026-10-28;BRL
84109413596859;rec-csv-1832;DUPLICATA_MERCANTIL;12312.43;2026-09-27;BRL
84109413596859;rec-csv-1834;DUPLICATA_MERCANTIL;13104.33;2026-10-27;BRL
84109413596859;rec-csv-1836;DUPLICATA_MERCANTIL;13896.23;2026-12-26;BRL
84109413596859;rec-csv-1838;DUPLICATA_MERCANTIL;14688.13;2026-10-26;BRL
84109413596859;rec-csv-1840;DUPLICATA_MERCANTIL;15480.03;2026-11-26;BRL
84109413596859;rec-csv-1842;DUPLICATA_MERCANTIL;16271.93;2026-09-28;BRL
84109413596859;rec-csv-1844;DUPLICATA_MERCANTIL;17063.83;2026-10-28;BRL
84109413596859;rec-csv-1846;DUPLICATA_MERCANTIL;17855.73;2026-09-27;BRL
84109413596859;rec-csv-1848;DUPLICATA_MERCANTIL;18647.63;2026-10-27;BRL
84109413596859;rec-csv-1850;DUPLICATA_MERCANTIL;19439.53;2026-12-26;BRL
84109413596859;rec-csv-1852;DUPLICATA_MERCANTIL;20231.43;2026-10-26;BRL
84109413596859;rec-csv-1854;DUPLICATA_MERCANTIL;21023.33;2026-11-26;BRL
84109413596859;rec-csv-1856;DUPLICATA_MERCANTIL;21815.23;2026-09-28;BRL
84109413596859;rec-csv-1858;DUPLICATA_MERCANTIL;22607.13;2026-10-28;BRL
84109413596859;rec-csv-1860;DUPLICATA_MERCANTIL;23399.03;2026-09-27;BRL
84109413596859;rec-csv-1862;DUPLICATA_MERCANTIL;24190.93;2026-10-27;BRL
84109413596859;rec-csv-1864;DUPLICATA_MERCANTIL;24982.83;2026-12-26;BRL
84109413596859;rec-csv-1866;DUPLICATA_MERCANTIL;25774.73;2026-10-26;BRL
84109413596859;rec-csv-1868;DUPLICATA_MERCANTIL;26566.63;2026-11-26;BRL
84109413596859;rec-csv-1870;DUPLICATA_MERCANTIL;27358.53;2026-09-28;BRL
84109413596859;rec-csv-1872;DUPLICATA_MERCANTIL;28150.43;2026-10-28;BRL
84109413596859;rec-csv-1874;DUPLICATA_MERCANTIL;28942.33;2026-09-27;BRL
84109413596859;rec-csv-1876;DUPLICATA_MERCANTIL;29734.23;2026-10-27;BRL
84109413596859;rec-csv-1878;DUPLICATA_MERCANTIL;30526.13;2026-12-26;BRL
84109413596859;rec-csv-1880;DUPLICATA_MERCANTIL;31318.03;2026-10-26;BRL
84109413596859;rec-csv-1882;DUPLICATA_MERCANTIL;32109.93;2026-11-26;BRL
84109413596859;rec-csv-1884;DUPLICATA_MERCANTIL;32901.83;2026-09-28;BRL
84109413596859;rec-csv-1886;DUPLICATA_MERCANTIL;33693.73;2026-10-28;BRL
84109413596859;rec-csv-1888;DUPLICATA_MERCANTIL;34485.63;2026-09-27;BRL
84109413596859;rec-csv-1890;DUPLICATA_MERCANTIL;35277.53;2026-10-27;BRL
84109413596859;rec-csv-1892;DUPLICATA_MERCANTIL;36069.43;2026-12-26;BRL
84109413596859;rec-csv-1894;DUPLICATA_MERCANTIL;36861.33;2026-10-26;BRL
84109413596859;rec-csv-1896;DUPLICATA_MERCANTIL;37653.23;2026-11-26;BRL
84109413596859;rec-csv-1898;DUPLICATA_MERCANTIL;38445.13;2026-09-28;BRL
84109413596859;rec-csv-1900;DUPLICATA_MERCANTIL;39237.03;2026-10-28;BRL
84109413596859;rec-csv-1902;DUPLICATA_MERCANTIL;40028.93;2026-09-27;BRL
84109413596859;rec-csv-1904;DUPLICATA_MERCANTIL;40820.83;2026-10-27;BRL
84109413596859;rec-csv-1906;DUPLICATA_MERCANTIL;41612.73;2026-12-26;BRL
84109413596859;rec-csv-1908;DUPLICATA_MERCANTIL;42404.63;2026-10-26;BRL
84109413596859;rec-csv-1910;DUPLICATA_MERCANTIL;43196.53;2026-11-26;BRL
84109413596859;rec-csv-1912;DUPLICATA_MERCANTIL;43988.43;2026-09-28;BRL
84109413596859;rec-csv-1914;DUPLICATA_MERCANTIL;44780.33;2026-10-28;BRL
84109413596859;rec-csv-1916;DUPLICATA_MERCANTIL;45572.23;2026-09-27;BRL
84109413596859;rec-csv-1918;DUPLICATA_MERCANTIL;46364.13;2026-10-27;BRL
84109413596859;rec-csv-1920;DUPLICATA_MERCANTIL;47156.03;2026-12-26;BRL
84109413596859;rec-csv-1922;DUPLICATA_MERCANTIL;47947.93;2026-10-26;BRL
84109413596859;rec-csv-1924;DUPLICATA_MERCANTIL;48739.83;2026-11-26;BRL
84109413596859;rec-csv-1926;DUPLICATA_MERCANTIL;49531.73;2026-09-28;BRL
84109413596859;rec-csv-1928;DUPLICATA_MERCANTIL;50323.63;2026-10-28;BRL
84109413596859;rec-csv-1930;DUPLICATA_MERCANTIL;51115.53;2026-09-27;BRL
84109413596859;rec-csv-1932;DUPLICATA_MERCANTIL;51907.43;2026-10-27;BRL
84109413596859;rec-csv-1934;DUPLICATA_MERCANTIL;52699.33;2026-12-26;BRL
84109413596859;rec-csv-1936;DUPLICATA_MERCANTIL;53491.23;2026-10-26;BRL
84109413596859;rec-csv-1938;DUPLICATA_MERCANTIL;54283.13;2026-11-26;BRL
84109413596859;rec-csv-1940;DUPLICATA_MERCANTIL;55075.03;2026-09-28;BRL
84109413596859;rec-csv-1942;DUPLICATA_MERCANTIL;55866.93;2026-10-28;BRL
84109413596859;rec-csv-1944;DUPLICATA_MERCANTIL;56658.83;2026-09-27;BRL
84109413596859;rec-csv-1946;DUPLICATA_MERCANTIL;57450.73;2026-10-27;BRL
84109413596859;rec-csv-1948;DUPLICATA_MERCANTIL;58242.63;2026-12-26;BRL
84109413596859;rec-csv-1950;DUPLICATA_MERCANTIL;59034.53;2026-10-26;BRL
84109413596859;rec-csv-1952;DUPLICATA_MERCANTIL;59826.43;2026-11-26;BRL
84109413596859;rec-csv-1954;DUPLICATA_MERCANTIL;60618.33;2026-09-28;BRL
84109413596859;rec-csv-1956;DUPLICATA_MERCANTIL;61410.23;2026-10-28;BRL
84109413596859;rec-csv-1958;DUPLICATA_MERCANTIL;62202.13;2026-09-27;BRL
84109413596859;rec-csv-1960;DUPLICATA_MERCANTIL;62994.03;2026-10-27;BRL
84109413596859;rec-csv-1962;DUPLICATA_MERCANTIL;63785.93;2026-12-26;BRL
84109413596859;rec-csv-1964;DUPLICATA_MERCANTIL;64577.83;2026-10-26;BRL
84109413596859;rec-csv-1966;DUPLICATA_MERCANTIL;65369.73;2026-11-26;BRL
84109413596859;rec-csv-1968;DUPLICATA_MERCANTIL;66161.63;2026-09-28;BRL
84109413596859;rec-csv-1970;DUPLICATA_MERCANTIL;66953.53;2026-10-28;BRL
84109413596859;rec-csv-1972;DUPLICATA_MERCANTIL;67745.43;2026-09-27;BRL
84109413596859;rec-csv-1974;DUPLICATA_MERCANTIL;68537.33;2026-10-27;BRL
84109413596859;rec-csv-1976;DUPLICATA_MERCANTIL;69329.23;2026-12-26;BRL
84109413596859;rec-csv-1978;DUPLICATA_MERCANTIL;70121.13;2026-10-26;BRL
84109413596859;rec-csv-1980;DUPLICATA_MERCANTIL;70913.03;2026-11-26;BRL
84109413596859;rec-csv-1982;DUPLICATA_MERCANTIL;71704.93;2026-09-28;BRL
84109413596859;rec-csv-1984;DUPLICATA_MERCANTIL;72496.83;2026-10-28;BRL
84109413596859;rec-csv-1986;DUPLICATA_MERCANTIL;73288.73;2026-09-27;BRL
84109413596859;rec-csv-1988;DUPLICATA_MERCANTIL;74080.63;2026-10-27;BRL
84109413596859;rec-csv-1990;DUPLICATA_MERCANTIL;74872.53;2026-12-26;BRL
84109413596859;rec-csv-1992;DUPLICATA_MERCANTIL;75664.43;2026-10-26;BRL
84109413596859;rec-csv-1994;DUPLICATA_MERCANTIL;76456.33;2026-11-26;BRL
84109413596859;rec-csv-1996;DUPLICATA_MERCANTIL;77248.23;2026-09-28;BRL
84109413596859;rec-csv-1998;DUPLICATA_MERCANTIL;78040.13;2026-10-28;BRL
84109413596859;rec-csv-2000;DUPLICATA_MERCANTIL;78832.03;2026-09-27;BRL
